 0:00.64 W Clobber not needed.
 0:01.62 W Adding make options from D:\mozilla\firefox\Skyfox\.mozconfig
    MOZ_OBJDIR=D:/mozilla/firefox/Skyfox/obj-x86_64-pc-windows-msvc
    OBJDIR=D:/mozilla/firefox/Skyfox/obj-x86_64-pc-windows-msvc
    FOUND_MOZCONFIG=D:/mozilla/firefox/Skyfox/.mozconfig
    export FOUND_MOZCONFIG
 0:01.62 D:/mozilla/build/4.2.1/.mozbuild/mozmake/mozmake.exe -f client.mk -j24 -s
 0:02.72 Elapsed: 0.26s; From dist/xpi-stage: Kept 0 existing; Added/updated 529; Removed 0 files and 0 directories.
 0:02.95 Elapsed: 0.50s; From _tests: Kept 0 existing; Added/updated 1410; Removed 0 files and 0 directories.
 0:03.24 Elapsed: 0.78s; From dist/bin: Kept 0 existing; Added/updated 2827; Removed 0 files and 0 directories.
 0:03.96 Elapsed: 1.48s; From dist/include: Kept 0 existing; Added/updated 8339; Removed 0 files and 0 directories.
 0:04.42 ./buildid.h.stub
 0:04.42 ./source-repo.h.stub
 0:05.03 ./application.ini.stub
 0:05.51 ./application.ini.h.stub
 0:06.51 browser/app
 0:07.42 toolkit/library/rust/gkrust.lib
 0:12.46 toolkit/library/buildid.cpp.stub
 0:12.75 third_party/zucchini/executable/zucchini.exe
 0:12.78 third_party/zucchini/tests/gtest/zucchini-gtest.exe
 0:12.85 mozglue/build/mozglue.dll
 0:12.88 dom/media/gmp-plugin-openh264/fakeopenh264.dll
 0:12.88 dom/media/fake-cdm/fake.dll
 0:12.89 toolkit/library/gtest/libxul_broken_buildid/xul_broken_buildid.dll
 0:12.89 toolkit/components/maintenanceservice/maintenanceservice.exe
 0:12.90 toolkit/library/gtest/libxul_correct_buildid/xul_correct_buildid.dll
 0:12.90 toolkit/mozapps/update/updater/updater.exe
 0:12.91 toolkit/mozapps/update/updater/updater-xpcshell/updater-xpcshell.exe
 0:12.91 toolkit/mozapps/update/updater/updater-dep/updater-dep.exe
 0:12.99 security/rlbox
 0:12.99 media/libsoundtouch/src
 0:13.56 toolkit/library
 0:14.02 security/nss3.dll
 0:14.03 accessible/interfaces/msaa/AccessibleMarshal.dll
 0:14.09 browser/app/firefox.exe
 0:14.19 mfbt/tests/TestAlgorithm.exe
 0:14.19 mfbt/tests/TestArray.exe
 0:14.19 config/external/gkcodecs/gkcodecs.dll
 0:14.23 mozglue/tests/ShowSSEConfig.exe
 0:14.24 mozglue/tests/TestBaseProfiler.exe
 0:14.30 gfx/angle/targets/libGLESv2/libGLESv2.dll
 0:14.32 toolkit/components/aboutthirdparty/tests/TestShellEx/TestShellEx.dll
 0:14.40 mfbt/tests/TestArrayUtils.exe
 0:14.40 lld-link: warning: nss\lib\certdb\certdb_certdb\alg1485.obj: locally defined symbol imported: PR_smprintf (defined in ..\config\external\nspr\pr\Unified_c_external_nspr_pr0.obj) [LNK4217]
 0:14.40 lld-link: warning: nss\lib\certdb\certdb_certdb\alg1485.obj: locally defined symbol imported: PR_smprintf_free (defined in ..\config\external\nspr\pr\Unified_c_external_nspr_pr0.obj) [LNK4217]
 0:14.40 lld-link: warning: nss\lib\certdb\certdb_certdb\certdb.obj: locally defined symbol imported: PR_StringToNetAddr (defined in ..\config\external\nspr\pr\Unified_c_external_nspr_pr2.obj) [LNK4217]
 0:14.40 lld-link: warning: nss\lib\certdb\certdb_certdb\certdb.obj: locally defined symbol imported: PR_ConvertIPv4AddrToIPv6 (defined in ..\config\external\nspr\pr\Unified_c_external_nspr_pr2.obj) [LNK4217]
 0:14.40 lld-link: warning: nss\lib\certdb\certdb_certdb\certdb.obj: locally defined symbol imported: PR_htonl (defined in ..\config\external\nspr\pr\Unified_c_external_nspr_pr2.obj) [LNK4217]
 0:14.40 lld-link: warning: nss\lib\certdb\certdb_certdb\certdb.obj: locally defined symbol imported: PR_GetEnvSecure (defined in ..\config\external\nspr\pr\Unified_c_external_nspr_pr2.obj) [LNK4217]
 0:14.40 lld-link: warning: nss\lib\certdb\certdb_certdb\certdb.obj: locally defined symbol imported: PR_NetAddrToString (defined in ..\config\external\nspr\pr\Unified_c_external_nspr_pr2.obj) [LNK4217]
 0:14.41 lld-link: warning: nss\lib\certdb\certdb_certdb\certdb.obj: locally defined symbol imported: PR_smprintf (defined in ..\config\external\nspr\pr\Unified_c_external_nspr_pr0.obj) [LNK4217]
 0:14.41 lld-link: warning: nss\lib\certdb\certdb_certdb\certdb.obj: locally defined symbol imported: PR_Now (defined in ..\config\external\nspr\pr\Unified_c_external_nspr_pr1.obj) [LNK4217]
 0:14.41 lld-link: warning: nss\lib\certdb\certdb_certdb\certdb.obj: locally defined symbol imported: PR_Lock (defined in ..\config\external\nspr\pr\Unified_c_external_nspr_pr3.obj) [LNK4217]
 0:14.41 lld-link: warning: nss\lib\certdb\certdb_certdb\certdb.obj: locally defined symbol imported: PR_Unlock (defined in ..\config\external\nspr\pr\Unified_c_external_nspr_pr3.obj) [LNK4217]
 0:14.41 lld-link: warning: nss\lib\certdb\certdb_certdb\certdb.obj: locally defined symbol imported: PR_NewLock (defined in ..\config\external\nspr\pr\Unified_c_external_nspr_pr3.obj) [LNK4217]
 0:14.41 lld-link: warning: nss\lib\certdb\certdb_certdb\certdb.obj: locally defined symbol imported: PR_DestroyLock (defined in ..\config\external\nspr\pr\Unified_c_external_nspr_pr3.obj) [LNK4217]
 0:14.41 lld-link: warning: nss\lib\certdb\certdb_certdb\crl.obj: locally defined symbol imported: PR_NewLock (defined in ..\config\external\nspr\pr\Unified_c_external_nspr_pr3.obj) [LNK4217]
 0:14.41 lld-link: warning: nss\lib\certdb\certdb_certdb\crl.obj: locally defined symbol imported: PR_DestroyLock (defined in ..\config\external\nspr\pr\Unified_c_external_nspr_pr3.obj) [LNK4217]
 0:14.41 lld-link: warning: nss\lib\certdb\certdb_certdb\crl.obj: locally defined symbol imported: PR_Lock (defined in ..\config\external\nspr\pr\Unified_c_external_nspr_pr3.obj) [LNK4217]
 0:14.41 lld-link: warning: nss\lib\certdb\certdb_certdb\crl.obj: locally defined symbol imported: PR_Unlock (defined in ..\config\external\nspr\pr\Unified_c_external_nspr_pr3.obj) [LNK4217]
 0:14.41 lld-link: warning: nss\lib\certdb\certdb_certdb\crl.obj: locally defined symbol imported: PR_Now (defined in ..\config\external\nspr\pr\Unified_c_external_nspr_pr1.obj) [LNK4217]
 0:14.41 lld-link: warning: nss\lib\certdb\certdb_certdb\crl.obj: locally defined symbol imported: PR_GetError (defined in ..\config\external\nspr\pr\Unified_c_external_nspr_pr2.obj) [LNK4217]
 0:14.41 lld-link: warning: nss\lib\certdb\certdb_certdb\genname.obj: locally defined symbol imported: PR_Lock (defined in ..\config\external\nspr\pr\Unified_c_external_nspr_pr3.obj) [LNK4217]
 0:14.41 lld-link: warning: nss\lib\certdb\certdb_certdb\genname.obj: locally defined symbol imported: PR_Unlock (defined in ..\config\external\nspr\pr\Unified_c_external_nspr_pr3.obj) [LNK4217]
 0:14.41 lld-link: warning: nss\lib\certdb\certdb_certdb\genname.obj: locally defined symbol imported: PR_DestroyLock (defined in ..\config\external\nspr\pr\Unified_c_external_nspr_pr3.obj) [LNK4217]
 0:14.41 lld-link: warning: nss\lib\certdb\certdb_certdb\genname.obj: locally defined symbol imported: PR_NewLock (defined in ..\config\external\nspr\pr\Unified_c_external_nspr_pr3.obj) [LNK4217]
 0:14.41 lld-link: warning: nss\lib\certdb\certdb_certdb\polcyxtn.obj: locally defined symbol imported: PR_sprintf_append (defined in ..\config\external\nspr\pr\Unified_c_external_nspr_pr0.obj) [LNK4217]
 0:14.41 lld-link: warning: nss\lib\certhigh\certhigh_certhi\certhigh.obj: locally defined symbol imported: PR_Now (defined in ..\config\external\nspr\pr\Unified_c_external_nspr_pr1.obj) [LNK4217]
 0:14.41 lld-link: warning: nss\lib\certhigh\certhigh_certhi\certvfy.obj: locally defined symbol imported: PR_Now (defined in ..\config\external\nspr\pr\Unified_c_external_nspr_pr1.obj) [LNK4217]
 0:14.41 lld-link: warning: nss\lib\certhigh\certhigh_certhi\certvfy.obj: locally defined symbol imported: PR_smprintf (defined in ..\config\external\nspr\pr\Unified_c_external_nspr_pr0.obj) [LNK4217]
 0:14.41 lld-link: warning: nss\lib\certhigh\certhigh_certhi\ocsp.obj: locally defined symbol imported: PR_EnterMonitor (defined in ..\config\external\nspr\pr\Unified_c_external_nspr_pr3.obj) [LNK4217]
 0:14.41 lld-link: warning: nss\lib\certhigh\certhigh_certhi\ocsp.obj: locally defined symbol imported: PR_ExitMonitor (defined in ..\config\external\nspr\pr\Unified_c_external_nspr_pr3.obj) [LNK4217]
 0:14.41 lld-link: warning: nss\lib\certhigh\certhigh_certhi\ocsp.obj: locally defined symbol imported: PR_NewMonitor (defined in ..\config\external\nspr\pr\Unified_c_external_nspr_pr3.obj) [LNK4217]
 0:14.41 lld-link: warning: nss\lib\certhigh\certhigh_certhi\ocsp.obj: locally defined symbol imported: PR_DestroyMonitor (defined in ..\config\external\nspr\pr\Unified_c_external_nspr_pr3.obj) [LNK4217]
 0:14.41 lld-link: warning: nss\lib\certhigh\certhigh_certhi\ocsp.obj: locally defined symbol imported: PR_TicksPerSecond (defined in ..\config\external\nspr\pr\Unified_c_external_nspr_pr2.obj) [LNK4217]
 0:14.41 lld-link: warning: nss\lib\certhigh\certhigh_certhi\ocsp.obj: locally defined symbol imported: PR_SecondsToInterval (defined in ..\config\external\nspr\pr\Unified_c_external_nspr_pr2.obj) [LNK4217]
 0:14.41 lld-link: warning: nss\lib\certhigh\certhigh_certhi\ocsp.obj: locally defined symbol imported: PR_Recv (defined in ..\config\external\nspr\pr\Unified_c_external_nspr_pr0.obj) [LNK4217]
 0:14.41 lld-link: warning: nss\lib\certhigh\certhigh_certhi\ocsp.obj: locally defined symbol imported: PR_NewTCPSocket (defined in ..\config\external\nspr\pr\Unified_c_external_nspr_pr0.obj) [LNK4217]
 0:14.41 lld-link: warning: nss\lib\certhigh\certhigh_certhi\ocsp.obj: locally defined symbol imported: PR_StringToNetAddr (defined in ..\config\external\nspr\pr\Unified_c_external_nspr_pr2.obj) [LNK4217]
 0:14.41 lld-link: warning: nss\lib\certhigh\certhigh_certhi\ocsp.obj: locally defined symbol imported: PR_GetHostByName (defined in ..\config\external\nspr\pr\Unified_c_external_nspr_pr2.obj) [LNK4217]
 0:14.41 lld-link: warning: nss\lib\certhigh\certhigh_certhi\ocsp.obj: locally defined symbol imported: PR_EnumerateHostEnt (defined in ..\config\external\nspr\pr\Unified_c_external_nspr_pr2.obj) [LNK4217]
 0:14.41 lld-link: warning: nss\lib\certhigh\certhigh_certhi\ocsp.obj: locally defined symbol imported: PR_Connect (defined in ..\config\external\nspr\pr\Unified_c_external_nspr_pr0.obj) [LNK4217]
 0:14.41 lld-link: warning: nss\lib\certhigh\certhigh_certhi\ocsp.obj: locally defined symbol imported: PR_InitializeNetAddr (defined in ..\config\external\nspr\pr\Unified_c_external_nspr_pr2.obj) [LNK4217]
 0:14.41 lld-link: warning: nss\lib\certhigh\certhigh_certhi\ocsp.obj: locally defined symbol imported: PR_snprintf (defined in ..\config\external\nspr\pr\Unified_c_external_nspr_pr0.obj) [LNK4217]
 0:14.41 lld-link: warning: nss\lib\certhigh\certhigh_certhi\ocsp.obj: locally defined symbol imported: PR_smprintf (defined in ..\config\external\nspr\pr\Unified_c_external_nspr_pr0.obj) [LNK4217]
 0:14.41 lld-link: warning: nss\lib\certhigh\certhigh_certhi\ocsp.obj: locally defined symbol imported: PR_Write (defined in ..\config\external\nspr\pr\Unified_c_external_nspr_pr0.obj) [LNK4217]
 0:14.41 lld-link: warning: nss\lib\certhigh\certhigh_certhi\ocsp.obj: locally defined symbol imported: PR_Close (defined in ..\config\external\nspr\pr\Unified_c_external_nspr_pr0.obj) [LNK4217]
 0:14.41 lld-link: warning: nss\lib\certhigh\certhigh_certhi\ocsp.obj: locally defined symbol imported: PR_Now (defined in ..\config\external\nspr\pr\Unified_c_external_nspr_pr1.obj) [LNK4217]
 0:14.41 lld-link: warning: nss\lib\cryptohi\cryptohi_cryptohi\seckey.obj: locally defined symbol imported: PR_Now (defined in ..\config\external\nspr\pr\Unified_c_external_nspr_pr1.obj) [LNK4217]
 0:14.41 lld-link: warning: nss\lib\cryptohi\cryptohi_cryptohi\secvfy.obj: locally defined symbol imported: PR_GetEnvSecure (defined in ..\config\external\nspr\pr\Unified_c_external_nspr_pr2.obj) [LNK4217]
 0:14.41 lld-link: warning: nss\lib\nss\nss_nss_static\nssinit.obj: locally defined symbol imported: PR_smprintf (defined in ..\config\external\nspr\pr\Unified_c_external_nspr_pr0.obj) [LNK4217]
 0:14.41 lld-link: warning: nss\lib\nss\nss_nss_static\nssinit.obj: locally defined symbol imported: PR_smprintf_free (defined in ..\config\external\nspr\pr\Unified_c_external_nspr_pr0.obj) [LNK4217]
 0:14.41 lld-link: warning: nss\lib\nss\nss_nss_static\nssinit.obj: locally defined symbol imported: PR_CallOnce (defined in ..\config\external\nspr\pr\Unified_c_external_nspr_pr2.obj) [LNK4217]
 0:14.41 lld-link: warning: nss\lib\nss\nss_nss_static\nssinit.obj: locally defined symbol imported: PR_Lock (defined in ..\config\external\nspr\pr\Unified_c_external_nspr_pr3.obj) [LNK4217]
 0:14.41 lld-link: warning: nss\lib\nss\nss_nss_static\nssinit.obj: locally defined symbol imported: PR_WaitCondVar (defined in ..\config\external\nspr\pr\Unified_c_external_nspr_pr3.obj) [LNK4217]
 0:14.41 lld-link: warning: nss\lib\nss\nss_nss_static\nssinit.obj: locally defined symbol imported: PR_Unlock (defined in ..\config\external\nspr\pr\Unified_c_external_nspr_pr3.obj) [LNK4217]
 0:14.41 lld-link: warning: nss\lib\nss\nss_nss_static\nssinit.obj: locally defined symbol imported: PR_NotifyCondVar (defined in ..\config\external\nspr\pr\Unified_c_external_nspr_pr3.obj) [LNK4217]
 0:14.41 lld-link: warning: nss\lib\nss\nss_nss_static\nssinit.obj: locally defined symbol imported: PR_NotifyAllCondVar (defined in ..\config\external\nspr\pr\Unified_c_external_nspr_pr3.obj) [LNK4217]
 0:14.41 lld-link: warning: nss\lib\nss\nss_nss_static\nssinit.obj: locally defined symbol imported: PR_NewLock (defined in ..\config\external\nspr\pr\Unified_c_external_nspr_pr3.obj) [LNK4217]
 0:14.41 lld-link: warning: nss\lib\nss\nss_nss_static\nssinit.obj: locally defined symbol imported: PR_NewCondVar (defined in ..\config\external\nspr\pr\Unified_c_external_nspr_pr3.obj) [LNK4217]
 0:14.41 lld-link: warning: nss\lib\nss\nss_nss_static\nssinit.obj: locally defined symbol imported: PR_DestroyLock (defined in ..\config\external\nspr\pr\Unified_c_external_nspr_pr3.obj) [LNK4217]
 0:14.41 lld-link: warning: nss\lib\base\base_nssb\arena.obj: locally defined symbol imported: PR_Calloc (defined in ..\config\external\nspr\pr\Unified_c_external_nspr_pr1.obj) [LNK4217]
 0:14.41 lld-link: warning: nss\lib\base\base_nssb\arena.obj: locally defined symbol imported: PR_NewLock (defined in ..\config\external\nspr\pr\Unified_c_external_nspr_pr3.obj) [LNK4217]
 0:14.41 lld-link: warning: nss\lib\base\base_nssb\arena.obj: locally defined symbol imported: PR_Lock (defined in ..\config\external\nspr\pr\Unified_c_external_nspr_pr3.obj) [LNK4217]
 0:14.41 lld-link: warning: nss\lib\base\base_nssb\arena.obj: locally defined symbol imported: PR_Unlock (defined in ..\config\external\nspr\pr\Unified_c_external_nspr_pr3.obj) [LNK4217]
 0:14.41 lld-link: warning: nss\lib\base\base_nssb\arena.obj: locally defined symbol imported: PR_Free (defined in ..\config\external\nspr\pr\Unified_c_external_nspr_pr1.obj) [LNK4217]
 0:14.41 lld-link: warning: nss\lib\base\base_nssb\arena.obj: locally defined symbol imported: PR_DestroyLock (defined in ..\config\external\nspr\pr\Unified_c_external_nspr_pr3.obj) [LNK4217]
 0:14.41 lld-link: warning: nss\lib\base\base_nssb\error.obj: locally defined symbol imported: PR_GetThreadPrivate (defined in ..\config\external\nspr\pr\Unified_c_external_nspr_pr3.obj) [LNK4217]
 0:14.41 lld-link: warning: nss\lib\base\base_nssb\error.obj: locally defined symbol imported: PR_CallOnce (defined in ..\config\external\nspr\pr\Unified_c_external_nspr_pr2.obj) [LNK4217]
 0:14.41 lld-link: warning: nss\lib\base\base_nssb\error.obj: locally defined symbol imported: PR_Calloc (defined in ..\config\external\nspr\pr\Unified_c_external_nspr_pr1.obj) [LNK4217]
 0:14.41 lld-link: warning: nss\lib\base\base_nssb\error.obj: locally defined symbol imported: PR_SetThreadPrivate (defined in ..\config\external\nspr\pr\Unified_c_external_nspr_pr3.obj) [LNK4217]
 0:14.41 lld-link: warning: nss\lib\base\base_nssb\error.obj: locally defined symbol imported: PR_Free (defined in ..\config\external\nspr\pr\Unified_c_external_nspr_pr1.obj) [LNK4217]
 0:14.41 lld-link: warning: nss\lib\base\base_nssb\error.obj: locally defined symbol imported: PR_NewThreadPrivateIndex (defined in ..\config\external\nspr\pr\Unified_c_external_nspr_pr3.obj) [LNK4217]
 0:14.41 lld-link: warning: nss\lib\base\base_nssb\hash.obj: locally defined symbol imported: PR_NewLock (defined in ..\config\external\nspr\pr\Unified_c_external_nspr_pr3.obj) [LNK4217]
 0:14.41 lld-link: warning: nss\lib\base\base_nssb\hash.obj: locally defined symbol imported: PR_DestroyLock (defined in ..\config\external\nspr\pr\Unified_c_external_nspr_pr3.obj) [LNK4217]
 0:14.41 lld-link: warning: nss\lib\base\base_nssb\hash.obj: locally defined symbol imported: PR_Lock (defined in ..\config\external\nspr\pr\Unified_c_external_nspr_pr3.obj) [LNK4217]
 0:14.41 lld-link: warning: nss\lib\base\base_nssb\hash.obj: locally defined symbol imported: PR_Unlock (defined in ..\config\external\nspr\pr\Unified_c_external_nspr_pr3.obj) [LNK4217]
 0:14.41 lld-link: warning: nss\lib\base\base_nssb\list.obj: locally defined symbol imported: PR_NewLock (defined in ..\config\external\nspr\pr\Unified_c_external_nspr_pr3.obj) [LNK4217]
 0:14.41 lld-link: warning: nss\lib\base\base_nssb\list.obj: locally defined symbol imported: PR_Lock (defined in ..\config\external\nspr\pr\Unified_c_external_nspr_pr3.obj) [LNK4217]
 0:14.41 lld-link: warning: nss\lib\base\base_nssb\list.obj: locally defined symbol imported: PR_Unlock (defined in ..\config\external\nspr\pr\Unified_c_external_nspr_pr3.obj) [LNK4217]
 0:14.41 lld-link: warning: nss\lib\base\base_nssb\list.obj: locally defined symbol imported: PR_DestroyLock (defined in ..\config\external\nspr\pr\Unified_c_external_nspr_pr3.obj) [LNK4217]
 0:14.41 lld-link: warning: nss\lib\dev\dev_nssdev\devslot.obj: locally defined symbol imported: PR_DestroyLock (defined in ..\config\external\nspr\pr\Unified_c_external_nspr_pr3.obj) [LNK4217]
 0:14.41 lld-link: warning: nss\lib\dev\dev_nssdev\devslot.obj: locally defined symbol imported: PR_DestroyCondVar (defined in ..\config\external\nspr\pr\Unified_c_external_nspr_pr3.obj) [LNK4217]
 0:14.41 lld-link: warning: nss\lib\dev\dev_nssdev\devslot.obj: locally defined symbol imported: PR_Lock (defined in ..\config\external\nspr\pr\Unified_c_external_nspr_pr3.obj) [LNK4217]
 0:14.41 lld-link: warning: nss\lib\dev\dev_nssdev\devslot.obj: locally defined symbol imported: PR_Unlock (defined in ..\config\external\nspr\pr\Unified_c_external_nspr_pr3.obj) [LNK4217]
 0:14.41 lld-link: warning: nss\lib\dev\dev_nssdev\devslot.obj: locally defined symbol imported: PR_GetCurrentThread (defined in ..\config\external\nspr\pr\Unified_c_external_nspr_pr3.obj) [LNK4217]
 0:14.41 lld-link: warning: nss\lib\dev\dev_nssdev\devslot.obj: locally defined symbol imported: PR_IntervalNow (defined in ..\config\external\nspr\pr\Unified_c_external_nspr_pr2.obj) [LNK4217]
 0:14.41 lld-link: warning: nss\lib\dev\dev_nssdev\devslot.obj: locally defined symbol imported: PR_SecondsToInterval (defined in ..\config\external\nspr\pr\Unified_c_external_nspr_pr2.obj) [LNK4217]
 0:14.41 lld-link: warning: nss\lib\dev\dev_nssdev\devslot.obj: locally defined symbol imported: PR_WaitCondVar (defined in ..\config\external\nspr\pr\Unified_c_external_nspr_pr3.obj) [LNK4217]
 0:14.41 lld-link: warning: nss\lib\dev\dev_nssdev\devslot.obj: locally defined symbol imported: PR_NotifyAllCondVar (defined in ..\config\external\nspr\pr\Unified_c_external_nspr_pr3.obj) [LNK4217]
 0:14.41 lld-link: warning: nss\lib\dev\dev_nssdev\devtoken.obj: locally defined symbol imported: PR_DestroyLock (defined in ..\config\external\nspr\pr\Unified_c_external_nspr_pr3.obj) [LNK4217]
 0:14.41 lld-link: warning: nss\lib\dev\dev_nssdev\devutil.obj: locally defined symbol imported: PR_NewLock (defined in ..\config\external\nspr\pr\Unified_c_external_nspr_pr3.obj) [LNK4217]
 0:14.41 lld-link: warning: nss\lib\dev\dev_nssdev\devutil.obj: locally defined symbol imported: PR_DestroyLock (defined in ..\config\external\nspr\pr\Unified_c_external_nspr_pr3.obj) [LNK4217]
 0:14.41 lld-link: warning: nss\lib\dev\dev_nssdev\devutil.obj: locally defined symbol imported: PR_Lock (defined in ..\config\external\nspr\pr\Unified_c_external_nspr_pr3.obj) [LNK4217]
 0:14.41 lld-link: warning: nss\lib\dev\dev_nssdev\devutil.obj: locally defined symbol imported: PR_Unlock (defined in ..\config\external\nspr\pr\Unified_c_external_nspr_pr3.obj) [LNK4217]
 0:14.41 lld-link: warning: nss\lib\pki\pki_nsspki\pkibase.obj: locally defined symbol imported: PR_EnterMonitor (defined in ..\config\external\nspr\pr\Unified_c_external_nspr_pr3.obj) [LNK4217]
 0:14.41 lld-link: warning: nss\lib\pki\pki_nsspki\pkibase.obj: locally defined symbol imported: PR_Lock (defined in ..\config\external\nspr\pr\Unified_c_external_nspr_pr3.obj) [LNK4217]
 0:14.41 lld-link: warning: nss\lib\pki\pki_nsspki\pkibase.obj: locally defined symbol imported: PR_ExitMonitor (defined in ..\config\external\nspr\pr\Unified_c_external_nspr_pr3.obj) [LNK4217]
 0:14.41 lld-link: warning: nss\lib\pki\pki_nsspki\pkibase.obj: locally defined symbol imported: PR_Unlock (defined in ..\config\external\nspr\pr\Unified_c_external_nspr_pr3.obj) [LNK4217]
 0:14.41 lld-link: warning: nss\lib\pki\pki_nsspki\pkibase.obj: locally defined symbol imported: PR_NewMonitor (defined in ..\config\external\nspr\pr\Unified_c_external_nspr_pr3.obj) [LNK4217]
 0:14.41 lld-link: warning: nss\lib\pki\pki_nsspki\pkibase.obj: locally defined symbol imported: PR_NewLock (defined in ..\config\external\nspr\pr\Unified_c_external_nspr_pr3.obj) [LNK4217]
 0:14.41 lld-link: warning: nss\lib\pki\pki_nsspki\pkibase.obj: locally defined symbol imported: PR_DestroyMonitor (defined in ..\config\external\nspr\pr\Unified_c_external_nspr_pr3.obj) [LNK4217]
 0:14.41 lld-link: warning: nss\lib\pki\pki_nsspki\pkibase.obj: locally defined symbol imported: PR_DestroyLock (defined in ..\config\external\nspr\pr\Unified_c_external_nspr_pr3.obj) [LNK4217]
 0:14.41 lld-link: warning: nss\lib\pki\pki_nsspki\pkibase.obj: locally defined symbol imported: PR_Now (defined in ..\config\external\nspr\pr\Unified_c_external_nspr_pr1.obj) [LNK4217]
 0:14.41 lld-link: warning: nss\lib\pki\pki_nsspki\pkistore.obj: locally defined symbol imported: PR_NewLock (defined in ..\config\external\nspr\pr\Unified_c_external_nspr_pr3.obj) [LNK4217]
 0:14.41 lld-link: warning: nss\lib\pki\pki_nsspki\pkistore.obj: locally defined symbol imported: PR_DestroyLock (defined in ..\config\external\nspr\pr\Unified_c_external_nspr_pr3.obj) [LNK4217]
 0:14.41 lld-link: warning: nss\lib\pki\pki_nsspki\pkistore.obj: locally defined symbol imported: PR_Lock (defined in ..\config\external\nspr\pr\Unified_c_external_nspr_pr3.obj) [LNK4217]
 0:14.41 lld-link: warning: nss\lib\pki\pki_nsspki\pkistore.obj: locally defined symbol imported: PR_Unlock (defined in ..\config\external\nspr\pr\Unified_c_external_nspr_pr3.obj) [LNK4217]
 0:14.41 lld-link: warning: nss\lib\pki\pki_nsspki\tdcache.obj: locally defined symbol imported: PR_NewLock (defined in ..\config\external\nspr\pr\Unified_c_external_nspr_pr3.obj) [LNK4217]
 0:14.41 lld-link: warning: nss\lib\pki\pki_nsspki\tdcache.obj: locally defined symbol imported: PR_DestroyLock (defined in ..\config\external\nspr\pr\Unified_c_external_nspr_pr3.obj) [LNK4217]
 0:14.41 lld-link: warning: nss\lib\pki\pki_nsspki\tdcache.obj: locally defined symbol imported: PR_Lock (defined in ..\config\external\nspr\pr\Unified_c_external_nspr_pr3.obj) [LNK4217]
 0:14.41 lld-link: warning: nss\lib\pki\pki_nsspki\tdcache.obj: locally defined symbol imported: PR_Unlock (defined in ..\config\external\nspr\pr\Unified_c_external_nspr_pr3.obj) [LNK4217]
 0:14.41 lld-link: warning: nss\lib\pki\pki_nsspki\tdcache.obj: locally defined symbol imported: PR_Now (defined in ..\config\external\nspr\pr\Unified_c_external_nspr_pr1.obj) [LNK4217]
 0:14.41 lld-link: warning: nss\lib\pk11wrap\pk11wrap_pk11wrap\dev3hack.obj: locally defined symbol imported: PR_NewLock (defined in ..\config\external\nspr\pr\Unified_c_external_nspr_pr3.obj) [LNK4217]
 0:14.41 lld-link: warning: nss\lib\pk11wrap\pk11wrap_pk11wrap\dev3hack.obj: locally defined symbol imported: PR_DestroyLock (defined in ..\config\external\nspr\pr\Unified_c_external_nspr_pr3.obj) [LNK4217]
 0:14.41 lld-link: warning: nss\lib\pk11wrap\pk11wrap_pk11wrap\dev3hack.obj: locally defined symbol imported: PR_NewCondVar (defined in ..\config\external\nspr\pr\Unified_c_external_nspr_pr3.obj) [LNK4217]
 0:14.41 lld-link: warning: nss\lib\pk11wrap\pk11wrap_pk11wrap\pk11akey.obj: locally defined symbol imported: PR_GetEnvSecure (defined in ..\config\external\nspr\pr\Unified_c_external_nspr_pr2.obj) [LNK4217]
 0:14.41 lld-link: warning: nss\lib\pk11wrap\pk11wrap_pk11wrap\pk11auth.obj: locally defined symbol imported: PR_Now (defined in ..\config\external\nspr\pr\Unified_c_external_nspr_pr1.obj) [LNK4217]
 0:14.41 lld-link: warning: nss\lib\pk11wrap\pk11wrap_pk11wrap\pk11auth.obj: locally defined symbol imported: PR_SecondsToInterval (defined in ..\config\external\nspr\pr\Unified_c_external_nspr_pr2.obj) [LNK4217]
 0:14.41 lld-link: warning: nss\lib\pk11wrap\pk11wrap_pk11wrap\pk11auth.obj: locally defined symbol imported: PR_IntervalNow (defined in ..\config\external\nspr\pr\Unified_c_external_nspr_pr2.obj) [LNK4217]
 0:14.41 lld-link: warning: nss\lib\pk11wrap\pk11wrap_pk11wrap\pk11cert.obj: locally defined symbol imported: PR_Now (defined in ..\config\external\nspr\pr\Unified_c_external_nspr_pr1.obj) [LNK4217]
 0:14.41 lld-link: warning: nss\lib\pk11wrap\pk11wrap_pk11wrap\pk11cert.obj: locally defined symbol imported: PR_CallOnceWithArg (defined in ..\config\external\nspr\pr\Unified_c_external_nspr_pr2.obj) [LNK4217]
 0:14.41 lld-link: warning: nss\lib\pk11wrap\pk11wrap_pk11wrap\pk11cxt.obj: locally defined symbol imported: PR_Lock (defined in ..\config\external\nspr\pr\Unified_c_external_nspr_pr3.obj) [LNK4217]
 0:14.41 lld-link: warning: nss\lib\pk11wrap\pk11wrap_pk11wrap\pk11cxt.obj: locally defined symbol imported: PR_Unlock (defined in ..\config\external\nspr\pr\Unified_c_external_nspr_pr3.obj) [LNK4217]
 0:14.41 lld-link: warning: nss\lib\pk11wrap\pk11wrap_pk11wrap\pk11cxt.obj: locally defined symbol imported: PR_DestroyLock (defined in ..\config\external\nspr\pr\Unified_c_external_nspr_pr3.obj) [LNK4217]
 0:14.41 lld-link: warning: nss\lib\pk11wrap\pk11wrap_pk11wrap\pk11cxt.obj: locally defined symbol imported: PR_NewLock (defined in ..\config\external\nspr\pr\Unified_c_external_nspr_pr3.obj) [LNK4217]
 0:14.41 lld-link: warning: nss\lib\pk11wrap\pk11wrap_pk11wrap\pk11hpke.obj: locally defined symbol imported: PR_htonll (defined in ..\config\external\nspr\pr\Unified_c_external_nspr_pr2.obj) [LNK4217]
 0:14.41 lld-link: warning: nss\lib\pk11wrap\pk11wrap_pk11wrap\pk11load.obj: locally defined symbol imported: PR_LogPrint (defined in ..\config\external\nspr\pr\Unified_c_external_nspr_pr0.obj) [LNK4217]
 0:14.41 lld-link: warning: nss\lib\pk11wrap\pk11wrap_pk11wrap\pk11load.obj: locally defined symbol imported: PR_IntervalNow (defined in ..\config\external\nspr\pr\Unified_c_external_nspr_pr2.obj) [LNK4217]
 0:14.41 lld-link: warning: nss\lib\pk11wrap\pk11wrap_pk11wrap\pk11load.obj: locally defined symbol imported: PR_snprintf (defined in ..\config\external\nspr\pr\Unified_c_external_nspr_pr0.obj) [LNK4217]
 0:14.41 lld-link: warning: nss\lib\pk11wrap\pk11wrap_pk11wrap\pk11load.obj: locally defined symbol imported: PR_NewLogModule (defined in ..\config\external\nspr\pr\Unified_c_external_nspr_pr0.obj) [LNK4217]
 0:14.41 lld-link: warning: nss\lib\pk11wrap\pk11wrap_pk11wrap\pk11load.obj: locally defined symbol imported: PR_NewLock (defined in ..\config\external\nspr\pr\Unified_c_external_nspr_pr3.obj) [LNK4217]
 0:14.41 lld-link: warning: nss\lib\pk11wrap\pk11wrap_pk11wrap\pk11load.obj: locally defined symbol imported: PR_DestroyLock (defined in ..\config\external\nspr\pr\Unified_c_external_nspr_pr3.obj) [LNK4217]
 0:14.41 lld-link: warning: nss\lib\pk11wrap\pk11wrap_pk11wrap\pk11load.obj: locally defined symbol imported: PR_Lock (defined in ..\config\external\nspr\pr\Unified_c_external_nspr_pr3.obj) [LNK4217]
 0:14.41 lld-link: warning: nss\lib\pk11wrap\pk11wrap_pk11wrap\pk11load.obj: locally defined symbol imported: PR_Unlock (defined in ..\config\external\nspr\pr\Unified_c_external_nspr_pr3.obj) [LNK4217]
 0:14.41 lld-link: warning: nss\lib\pk11wrap\pk11wrap_pk11wrap\pk11load.obj: locally defined symbol imported: PR_FindSymbol (defined in ..\config\external\nspr\pr\Unified_c_external_nspr_pr0.obj) [LNK4217]
 0:14.41 lld-link: warning: nss\lib\pk11wrap\pk11wrap_pk11wrap\pk11load.obj: locally defined symbol imported: PR_LoadLibraryWithFlags (defined in ..\config\external\nspr\pr\Unified_c_external_nspr_pr0.obj) [LNK4217]
 0:14.41 lld-link: warning: nss\lib\pk11wrap\pk11wrap_pk11wrap\pk11load.obj: locally defined symbol imported: PR_LoadLibrary (defined in ..\config\external\nspr\pr\Unified_c_external_nspr_pr0.obj) [LNK4217]
 0:14.41 lld-link: warning: nss\lib\pk11wrap\pk11wrap_pk11wrap\pk11load.obj: locally defined symbol imported: PR_CallOnce (defined in ..\config\external\nspr\pr\Unified_c_external_nspr_pr2.obj) [LNK4217]
 0:14.41 lld-link: warning: nss\lib\pk11wrap\pk11wrap_pk11wrap\pk11load.obj: locally defined symbol imported: PR_UnloadLibrary (defined in ..\config\external\nspr\pr\Unified_c_external_nspr_pr0.obj) [LNK4217]
 0:14.41 lld-link: warning: nss\lib\pk11wrap\pk11wrap_pk11wrap\pk11load.obj: locally defined symbol imported: PR_GetEnvSecure (defined in ..\config\external\nspr\pr\Unified_c_external_nspr_pr2.obj) [LNK4217]
 0:14.41 lld-link: warning: nss\lib\pk11wrap\pk11wrap_pk11wrap\pk11load.obj: locally defined symbol imported: PR_IntervalToMicroseconds (defined in ..\config\external\nspr\pr\Unified_c_external_nspr_pr2.obj) [LNK4217]
 0:14.41 lld-link: warning: nss\lib\pk11wrap\pk11wrap_pk11wrap\pk11load.obj: locally defined symbol imported: PR_IntervalToSeconds (defined in ..\config\external\nspr\pr\Unified_c_external_nspr_pr2.obj) [LNK4217]
 0:14.41 lld-link: warning: nss\lib\pk11wrap\pk11wrap_pk11wrap\pk11load.obj: locally defined symbol imported: PR_IntervalToMilliseconds (defined in ..\config\external\nspr\pr\Unified_c_external_nspr_pr2.obj) [LNK4217]
 0:14.41 lld-link: warning: nss\lib\pk11wrap\pk11wrap_pk11wrap\pk11merge.obj: locally defined symbol imported: PR_smprintf (defined in ..\config\external\nspr\pr\Unified_c_external_nspr_pr0.obj) [LNK4217]
 0:14.41 lld-link: warning: nss\lib\pk11wrap\pk11wrap_pk11wrap\pk11merge.obj: locally defined symbol imported: PR_smprintf_free (defined in ..\config\external\nspr\pr\Unified_c_external_nspr_pr0.obj) [LNK4217]
 0:14.41 lld-link: warning: nss\lib\pk11wrap\pk11wrap_pk11wrap\pk11nobj.obj: locally defined symbol imported: PR_Now (defined in ..\config\external\nspr\pr\Unified_c_external_nspr_pr1.obj) [LNK4217]
 0:14.41 lld-link: warning: nss\lib\pk11wrap\pk11wrap_pk11wrap\pk11pars.obj: locally defined symbol imported: PR_SetEnv (defined in ..\config\external\nspr\pr\Unified_c_external_nspr_pr2.obj) [LNK4217]
 0:14.41 lld-link: warning: nss\lib\pk11wrap\pk11wrap_pk11wrap\pk11pars.obj: locally defined symbol imported: PR_NewLock (defined in ..\config\external\nspr\pr\Unified_c_external_nspr_pr3.obj) [LNK4217]
 0:14.41 lld-link: warning: nss\lib\pk11wrap\pk11wrap_pk11wrap\pk11pars.obj: locally defined symbol imported: PR_GetEnvSecure (defined in ..\config\external\nspr\pr\Unified_c_external_nspr_pr2.obj) [LNK4217]
 0:14.41 lld-link: warning: nss\lib\pk11wrap\pk11wrap_pk11wrap\pk11pars.obj: locally defined symbol imported: PR_snprintf (defined in ..\config\external\nspr\pr\Unified_c_external_nspr_pr0.obj) [LNK4217]
 0:14.41 lld-link: warning: nss\lib\pk11wrap\pk11wrap_pk11wrap\pk11pars.obj: locally defined symbol imported: PR_smprintf_free (defined in ..\config\external\nspr\pr\Unified_c_external_nspr_pr0.obj) [LNK4217]
 0:14.41 lld-link: warning: nss\lib\pk11wrap\pk11wrap_pk11wrap\pk11sdr.obj: locally defined symbol imported: PR_NewLock (defined in ..\config\external\nspr\pr\Unified_c_external_nspr_pr3.obj) [LNK4217]
 0:14.41 lld-link: warning: nss\lib\pk11wrap\pk11wrap_pk11wrap\pk11sdr.obj: locally defined symbol imported: PR_DestroyLock (defined in ..\config\external\nspr\pr\Unified_c_external_nspr_pr3.obj) [LNK4217]
 0:14.41 lld-link: warning: nss\lib\pk11wrap\pk11wrap_pk11wrap\pk11sdr.obj: locally defined symbol imported: PR_Lock (defined in ..\config\external\nspr\pr\Unified_c_external_nspr_pr3.obj) [LNK4217]
 0:14.41 lld-link: warning: nss\lib\pk11wrap\pk11wrap_pk11wrap\pk11sdr.obj: locally defined symbol imported: PR_Unlock (defined in ..\config\external\nspr\pr\Unified_c_external_nspr_pr3.obj) [LNK4217]
 0:14.41 lld-link: warning: nss\lib\pk11wrap\pk11wrap_pk11wrap\pk11skey.obj: locally defined symbol imported: PR_Lock (defined in ..\config\external\nspr\pr\Unified_c_external_nspr_pr3.obj) [LNK4217]
 0:14.41 lld-link: warning: nss\lib\pk11wrap\pk11wrap_pk11wrap\pk11skey.obj: locally defined symbol imported: PR_Unlock (defined in ..\config\external\nspr\pr\Unified_c_external_nspr_pr3.obj) [LNK4217]
 0:14.41 lld-link: warning: nss\lib\pk11wrap\pk11wrap_pk11wrap\pk11slot.obj: locally defined symbol imported: PR_NewLock (defined in ..\config\external\nspr\pr\Unified_c_external_nspr_pr3.obj) [LNK4217]
 0:14.41 lld-link: warning: nss\lib\pk11wrap\pk11wrap_pk11wrap\pk11slot.obj: locally defined symbol imported: PR_Lock (defined in ..\config\external\nspr\pr\Unified_c_external_nspr_pr3.obj) [LNK4217]
 0:14.41 lld-link: warning: nss\lib\pk11wrap\pk11wrap_pk11wrap\pk11slot.obj: locally defined symbol imported: PR_Unlock (defined in ..\config\external\nspr\pr\Unified_c_external_nspr_pr3.obj) [LNK4217]
 0:14.41 lld-link: warning: nss\lib\pk11wrap\pk11wrap_pk11wrap\pk11slot.obj: locally defined symbol imported: PR_DestroyLock (defined in ..\config\external\nspr\pr\Unified_c_external_nspr_pr3.obj) [LNK4217]
 0:14.41 lld-link: warning: nss\lib\pk11wrap\pk11wrap_pk11wrap\pk11slot.obj: locally defined symbol imported: PR_SecondsToInterval (defined in ..\config\external\nspr\pr\Unified_c_external_nspr_pr2.obj) [LNK4217]
 0:14.41 lld-link: warning: nss\lib\pk11wrap\pk11wrap_pk11wrap\pk11slot.obj: locally defined symbol imported: PR_Sleep (defined in ..\config\external\nspr\pr\Unified_c_external_nspr_pr3.obj) [LNK4217]
 0:14.41 lld-link: warning: nss\lib\pk11wrap\pk11wrap_pk11wrap\pk11slot.obj: locally defined symbol imported: PR_IntervalNow (defined in ..\config\external\nspr\pr\Unified_c_external_nspr_pr2.obj) [LNK4217]
 0:14.41 lld-link: warning: nss\lib\pk11wrap\pk11wrap_pk11wrap\pk11util.obj: locally defined symbol imported: PR_Lock (defined in ..\config\external\nspr\pr\Unified_c_external_nspr_pr3.obj) [LNK4217]
 0:14.41 lld-link: warning: nss\lib\pk11wrap\pk11wrap_pk11wrap\pk11util.obj: locally defined symbol imported: PR_Unlock (defined in ..\config\external\nspr\pr\Unified_c_external_nspr_pr3.obj) [LNK4217]
 0:14.41 lld-link: warning: nss\lib\pk11wrap\pk11wrap_pk11wrap\pk11util.obj: locally defined symbol imported: PR_DestroyLock (defined in ..\config\external\nspr\pr\Unified_c_external_nspr_pr3.obj) [LNK4217]
 0:14.41 lld-link: warning: nss\lib\pk11wrap\pk11wrap_pk11wrap\pk11util.obj: locally defined symbol imported: PR_snprintf (defined in ..\config\external\nspr\pr\Unified_c_external_nspr_pr0.obj) [LNK4217]
 0:14.41 lld-link: warning: nss\lib\pk11wrap\pk11wrap_pk11wrap\pk11util.obj: locally defined symbol imported: PR_SetErrorText (defined in ..\config\external\nspr\pr\Unified_c_external_nspr_pr2.obj) [LNK4217]
 0:14.41 lld-link: warning: nss\lib\pk11wrap\pk11wrap_pk11wrap\pk11util.obj: locally defined symbol imported: PR_Sleep (defined in ..\config\external\nspr\pr\Unified_c_external_nspr_pr3.obj) [LNK4217]
 0:14.41 lld-link: warning: nss\lib\pk11wrap\pk11wrap_pk11wrap\pk11util.obj: locally defined symbol imported: PR_smprintf (defined in ..\config\external\nspr\pr\Unified_c_external_nspr_pr0.obj) [LNK4217]
 0:14.41 lld-link: warning: nss\lib\pk11wrap\pk11wrap_pk11wrap\pk11util.obj: locally defined symbol imported: PR_smprintf_free (defined in ..\config\external\nspr\pr\Unified_c_external_nspr_pr0.obj) [LNK4217]
 0:14.41 lld-link: warning: nss\lib\util\util_nssutil\dertime.obj: locally defined symbol imported: PR_GMTParameters (defined in ..\config\external\nspr\pr\Unified_c_external_nspr_pr2.obj) [LNK4217]
 0:14.41 lld-link: warning: nss\lib\util\util_nssutil\dertime.obj: locally defined symbol imported: PR_ExplodeTime (defined in ..\config\external\nspr\pr\Unified_c_external_nspr_pr2.obj) [LNK4217]
 0:14.41 lld-link: warning: nss\lib\util\util_nssutil\dertime.obj: locally defined symbol imported: PR_ImplodeTime (defined in ..\config\external\nspr\pr\Unified_c_external_nspr_pr2.obj) [LNK4217]
 0:14.41 lld-link: warning: nss\lib\util\util_nssutil\errstrs.obj: locally defined symbol imported: PR_CallOnce (defined in ..\config\external\nspr\pr\Unified_c_external_nspr_pr2.obj) [LNK4217]
 0:14.41 lld-link: warning: nss\lib\util\util_nssutil\errstrs.obj: locally defined symbol imported: PR_ErrorInstallTable (defined in ..\config\external\nspr\pr\Unified_c_external_nspr_pr2.obj) [LNK4217]
 0:14.41 lld-link: warning: nss\lib\util\util_nssutil\nssb64d.obj: locally defined symbol imported: PR_Calloc (defined in ..\config\external\nspr\pr\Unified_c_external_nspr_pr1.obj) [LNK4217]
 0:14.41 lld-link: warning: nss\lib\util\util_nssutil\nssb64d.obj: locally defined symbol imported: PR_SetError (defined in ..\config\external\nspr\pr\Unified_c_external_nspr_pr2.obj) [LNK4217]
 0:14.41 lld-link: warning: nss\lib\util\util_nssutil\nssb64d.obj: locally defined symbol imported: PR_Realloc (defined in ..\config\external\nspr\pr\Unified_c_external_nspr_pr1.obj) [LNK4217]
 0:14.41 lld-link: warning: nss\lib\util\util_nssutil\nssb64d.obj: locally defined symbol imported: PR_Malloc (defined in ..\config\external\nspr\pr\Unified_c_external_nspr_pr1.obj) [LNK4217]
 0:14.41 lld-link: warning: nss\lib\util\util_nssutil\nssb64d.obj: locally defined symbol imported: PR_Free (defined in ..\config\external\nspr\pr\Unified_c_external_nspr_pr1.obj) [LNK4217]
 0:14.41 lld-link: warning: nss\lib\util\util_nssutil\nssb64e.obj: locally defined symbol imported: PR_Calloc (defined in ..\config\external\nspr\pr\Unified_c_external_nspr_pr1.obj) [LNK4217]
 0:14.41 lld-link: warning: nss\lib\util\util_nssutil\nssb64e.obj: locally defined symbol imported: PR_Malloc (defined in ..\config\external\nspr\pr\Unified_c_external_nspr_pr1.obj) [LNK4217]
 0:14.41 lld-link: warning: nss\lib\util\util_nssutil\nssb64e.obj: locally defined symbol imported: PR_SetError (defined in ..\config\external\nspr\pr\Unified_c_external_nspr_pr2.obj) [LNK4217]
 0:14.41 lld-link: warning: nss\lib\util\util_nssutil\nssb64e.obj: locally defined symbol imported: PR_Free (defined in ..\config\external\nspr\pr\Unified_c_external_nspr_pr1.obj) [LNK4217]
 0:14.41 lld-link: warning: nss\lib\util\util_nssutil\nssrwlk.obj: locally defined symbol imported: PR_Calloc (defined in ..\config\external\nspr\pr\Unified_c_external_nspr_pr1.obj) [LNK4217]
 0:14.41 lld-link: warning: nss\lib\util\util_nssutil\nssrwlk.obj: locally defined symbol imported: PR_NewLock (defined in ..\config\external\nspr\pr\Unified_c_external_nspr_pr3.obj) [LNK4217]
 0:14.41 lld-link: warning: nss\lib\util\util_nssutil\nssrwlk.obj: locally defined symbol imported: PR_NewCondVar (defined in ..\config\external\nspr\pr\Unified_c_external_nspr_pr3.obj) [LNK4217]
 0:14.41 lld-link: warning: nss\lib\util\util_nssutil\nssrwlk.obj: locally defined symbol imported: PR_Malloc (defined in ..\config\external\nspr\pr\Unified_c_external_nspr_pr1.obj) [LNK4217]
 0:14.41 lld-link: warning: nss\lib\util\util_nssutil\nssrwlk.obj: locally defined symbol imported: PR_Free (defined in ..\config\external\nspr\pr\Unified_c_external_nspr_pr1.obj) [LNK4217]
 0:14.42 lld-link: warning: nss\lib\util\util_nssutil\nssrwlk.obj: locally defined symbol imported: PR_DestroyCondVar (defined in ..\config\external\nspr\pr\Unified_c_external_nspr_pr3.obj) [LNK4217]
 0:14.42 lld-link: warning: nss\lib\util\util_nssutil\nssrwlk.obj: locally defined symbol imported: PR_DestroyLock (defined in ..\config\external\nspr\pr\Unified_c_external_nspr_pr3.obj) [LNK4217]
 0:14.42 lld-link: warning: nss\lib\util\util_nssutil\nssrwlk.obj: locally defined symbol imported: PR_GetCurrentThread (defined in ..\config\external\nspr\pr\Unified_c_external_nspr_pr3.obj) [LNK4217]
 0:14.42 lld-link: warning: nss\lib\util\util_nssutil\nssrwlk.obj: locally defined symbol imported: PR_Lock (defined in ..\config\external\nspr\pr\Unified_c_external_nspr_pr3.obj) [LNK4217]
 0:14.42 lld-link: warning: nss\lib\util\util_nssutil\nssrwlk.obj: locally defined symbol imported: PR_WaitCondVar (defined in ..\config\external\nspr\pr\Unified_c_external_nspr_pr3.obj) [LNK4217]
 0:14.42 lld-link: warning: nss\lib\util\util_nssutil\nssrwlk.obj: locally defined symbol imported: PR_Unlock (defined in ..\config\external\nspr\pr\Unified_c_external_nspr_pr3.obj) [LNK4217]
 0:14.42 lld-link: warning: nss\lib\util\util_nssutil\nssrwlk.obj: locally defined symbol imported: PR_NotifyCondVar (defined in ..\config\external\nspr\pr\Unified_c_external_nspr_pr3.obj) [LNK4217]
 0:14.42 lld-link: warning: nss\lib\util\util_nssutil\nssrwlk.obj: locally defined symbol imported: PR_NotifyAllCondVar (defined in ..\config\external\nspr\pr\Unified_c_external_nspr_pr3.obj) [LNK4217]
 0:14.42 lld-link: warning: nss\lib\util\util_nssutil\pkcs11uri.obj: locally defined symbol imported: PR_snprintf (defined in ..\config\external\nspr\pr\Unified_c_external_nspr_pr0.obj) [LNK4217]
 0:14.42 lld-link: warning: nss\lib\util\util_nssutil\secload.obj: locally defined symbol imported: PR_GetLibraryFilePathname (defined in ..\config\external\nspr\pr\Unified_c_external_nspr_pr0.obj) [LNK4217]
 0:14.42 lld-link: warning: nss\lib\util\util_nssutil\secload.obj: locally defined symbol imported: PR_GetDirectorySeparator (defined in ..\config\external\nspr\pr\Unified_c_external_nspr_pr2.obj) [LNK4217]
 0:14.42 lld-link: warning: nss\lib\util\util_nssutil\secload.obj: locally defined symbol imported: PR_LoadLibraryWithFlags (defined in ..\config\external\nspr\pr\Unified_c_external_nspr_pr0.obj) [LNK4217]
 0:14.42 lld-link: warning: nss\lib\util\util_nssutil\secload.obj: locally defined symbol imported: PR_Free (defined in ..\config\external\nspr\pr\Unified_c_external_nspr_pr1.obj) [LNK4217]
 0:14.42 lld-link: warning: nss\lib\util\util_nssutil\secoid.obj: locally defined symbol imported: PR_GetEnvSecure (defined in ..\config\external\nspr\pr\Unified_c_external_nspr_pr2.obj) [LNK4217]
 0:14.42 lld-link: warning: nss\lib\util\util_nssutil\secport.obj: locally defined symbol imported: PR_Malloc (defined in ..\config\external\nspr\pr\Unified_c_external_nspr_pr1.obj) [LNK4217]
 0:14.42 lld-link: warning: nss\lib\util\util_nssutil\secport.obj: locally defined symbol imported: PR_SetError (defined in ..\config\external\nspr\pr\Unified_c_external_nspr_pr2.obj) [LNK4217]
 0:14.42 lld-link: warning: nss\lib\util\util_nssutil\secport.obj: locally defined symbol imported: PR_Realloc (defined in ..\config\external\nspr\pr\Unified_c_external_nspr_pr1.obj) [LNK4217]
 0:14.42 lld-link: warning: nss\lib\util\util_nssutil\secport.obj: locally defined symbol imported: PR_Calloc (defined in ..\config\external\nspr\pr\Unified_c_external_nspr_pr1.obj) [LNK4217]
 0:14.42 lld-link: warning: nss\lib\util\util_nssutil\secport.obj: locally defined symbol imported: PR_Free (defined in ..\config\external\nspr\pr\Unified_c_external_nspr_pr1.obj) [LNK4217]
 0:14.42 lld-link: warning: nss\lib\util\util_nssutil\secport.obj: locally defined symbol imported: PR_GetError (defined in ..\config\external\nspr\pr\Unified_c_external_nspr_pr2.obj) [LNK4217]
 0:14.42 lld-link: warning: nss\lib\util\util_nssutil\secport.obj: locally defined symbol imported: PR_NewLock (defined in ..\config\external\nspr\pr\Unified_c_external_nspr_pr3.obj) [LNK4217]
 0:14.42 lld-link: warning: nss\lib\util\util_nssutil\secport.obj: locally defined symbol imported: PR_Lock (defined in ..\config\external\nspr\pr\Unified_c_external_nspr_pr3.obj) [LNK4217]
 0:14.42 lld-link: warning: nss\lib\util\util_nssutil\secport.obj: locally defined symbol imported: PR_Unlock (defined in ..\config\external\nspr\pr\Unified_c_external_nspr_pr3.obj) [LNK4217]
 0:14.42 lld-link: warning: nss\lib\util\util_nssutil\secport.obj: locally defined symbol imported: PR_CallOnce (defined in ..\config\external\nspr\pr\Unified_c_external_nspr_pr2.obj) [LNK4217]
 0:14.42 lld-link: warning: nss\lib\util\util_nssutil\secport.obj: locally defined symbol imported: PR_DestroyLock (defined in ..\config\external\nspr\pr\Unified_c_external_nspr_pr3.obj) [LNK4217]
 0:14.42 lld-link: warning: nss\lib\util\util_nssutil\secport.obj: locally defined symbol imported: PR_GetEnvSecure (defined in ..\config\external\nspr\pr\Unified_c_external_nspr_pr2.obj) [LNK4217]
 0:14.42 lld-link: warning: nss\lib\util\util_nssutil\sectime.obj: locally defined symbol imported: PR_LocalTimeParameters (defined in ..\config\external\nspr\pr\Unified_c_external_nspr_pr2.obj) [LNK4217]
 0:14.42 lld-link: warning: nss\lib\util\util_nssutil\sectime.obj: locally defined symbol imported: PR_ExplodeTime (defined in ..\config\external\nspr\pr\Unified_c_external_nspr_pr2.obj) [LNK4217]
 0:14.42 lld-link: warning: nss\lib\util\util_nssutil\sectime.obj: locally defined symbol imported: PR_FormatTime (defined in ..\config\external\nspr\pr\Unified_c_external_nspr_pr2.obj) [LNK4217]
 0:14.42 lld-link: warning: nss\lib\util\util_nssutil\sectime.obj: locally defined symbol imported: PR_GMTParameters (defined in ..\config\external\nspr\pr\Unified_c_external_nspr_pr2.obj) [LNK4217]
 0:14.42 lld-link: warning: nss\lib\util\util_nssutil\utilmod.obj: locally defined symbol imported: PR_smprintf_free (defined in ..\config\external\nspr\pr\Unified_c_external_nspr_pr0.obj) [LNK4217]
 0:14.42 lld-link: warning: nss\lib\util\util_nssutil\utilpars.obj: locally defined symbol imported: PR_smprintf (defined in ..\config\external\nspr\pr\Unified_c_external_nspr_pr0.obj) [LNK4217]
 0:14.42 lld-link: warning: nss\lib\util\util_nssutil\utilpars.obj: locally defined symbol imported: PR_smprintf_free (defined in ..\config\external\nspr\pr\Unified_c_external_nspr_pr0.obj) [LNK4217]
 0:14.42 lld-link: warning: nss\lib\util\util_nssutil\utilpars.obj: locally defined symbol imported: PR_GetEnvSecure (defined in ..\config\external\nspr\pr\Unified_c_external_nspr_pr2.obj) [LNK4217]
 0:14.42 lld-link: warning: nss\lib\pkcs7\pkcs7_pkcs7\p7create.obj: locally defined symbol imported: PR_Now (defined in ..\config\external\nspr\pr\Unified_c_external_nspr_pr1.obj) [LNK4217]
 0:14.42 lld-link: warning: nss\lib\pkcs7\pkcs7_pkcs7\p7decode.obj: locally defined symbol imported: PR_Now (defined in ..\config\external\nspr\pr\Unified_c_external_nspr_pr1.obj) [LNK4217]
 0:14.42 lld-link: warning: nss\lib\smime\smime_smime\cmssigdata.obj: locally defined symbol imported: PR_Now (defined in ..\config\external\nspr\pr\Unified_c_external_nspr_pr1.obj) [LNK4217]
 0:14.42 lld-link: warning: nss\lib\smime\smime_smime\cmssiginfo.obj: locally defined symbol imported: PR_Now (defined in ..\config\external\nspr\pr\Unified_c_external_nspr_pr1.obj) [LNK4217]
 0:14.42 lld-link: warning: nss\lib\smime\smime_smime\cmsudf.obj: locally defined symbol imported: PR_Lock (defined in ..\config\external\nspr\pr\Unified_c_external_nspr_pr3.obj) [LNK4217]
 0:14.42 lld-link: warning: nss\lib\smime\smime_smime\cmsudf.obj: locally defined symbol imported: PR_DestroyLock (defined in ..\config\external\nspr\pr\Unified_c_external_nspr_pr3.obj) [LNK4217]
 0:14.42 lld-link: warning: nss\lib\smime\smime_smime\cmsudf.obj: locally defined symbol imported: PR_Unlock (defined in ..\config\external\nspr\pr\Unified_c_external_nspr_pr3.obj) [LNK4217]
 0:14.42 lld-link: warning: nss\lib\smime\smime_smime\cmsudf.obj: locally defined symbol imported: PR_CallOnce (defined in ..\config\external\nspr\pr\Unified_c_external_nspr_pr2.obj) [LNK4217]
 0:14.42 lld-link: warning: nss\lib\smime\smime_smime\cmsudf.obj: locally defined symbol imported: PR_NewLock (defined in ..\config\external\nspr\pr\Unified_c_external_nspr_pr3.obj) [LNK4217]
 0:14.42 lld-link: warning: nss\lib\smime\smime_smime\smimeutil.obj: locally defined symbol imported: PR_CallOnceWithArg (defined in ..\config\external\nspr\pr\Unified_c_external_nspr_pr2.obj) [LNK4217]
 0:14.42 lld-link: warning: nss\lib\smime\smime_smime\smimeutil.obj: locally defined symbol imported: PR_Lock (defined in ..\config\external\nspr\pr\Unified_c_external_nspr_pr3.obj) [LNK4217]
 0:14.42 lld-link: warning: nss\lib\smime\smime_smime\smimeutil.obj: locally defined symbol imported: PR_Unlock (defined in ..\config\external\nspr\pr\Unified_c_external_nspr_pr3.obj) [LNK4217]
 0:14.42 lld-link: warning: nss\lib\smime\smime_smime\smimeutil.obj: locally defined symbol imported: PR_NewLock (defined in ..\config\external\nspr\pr\Unified_c_external_nspr_pr3.obj) [LNK4217]
 0:14.42 lld-link: warning: nss\lib\smime\smime_smime\smimeutil.obj: locally defined symbol imported: PR_DestroyLock (defined in ..\config\external\nspr\pr\Unified_c_external_nspr_pr3.obj) [LNK4217]
 0:14.42 lld-link: warning: nss\lib\ssl\ssl_ssl\dtls13con.obj: locally defined symbol imported: PR_EnterMonitor (defined in ..\config\external\nspr\pr\Unified_c_external_nspr_pr3.obj) [LNK4217]
 0:14.42 lld-link: warning: nss\lib\ssl\ssl_ssl\dtls13con.obj: locally defined symbol imported: PR_ExitMonitor (defined in ..\config\external\nspr\pr\Unified_c_external_nspr_pr3.obj) [LNK4217]
 0:14.42 lld-link: warning: nss\lib\ssl\ssl_ssl\dtlscon.obj: locally defined symbol imported: PR_IntervalNow (defined in ..\config\external\nspr\pr\Unified_c_external_nspr_pr2.obj) [LNK4217]
 0:14.42 lld-link: warning: nss\lib\ssl\ssl_ssl\dtlscon.obj: locally defined symbol imported: PR_EnterMonitor (defined in ..\config\external\nspr\pr\Unified_c_external_nspr_pr3.obj) [LNK4217]
 0:14.42 lld-link: warning: nss\lib\ssl\ssl_ssl\dtlscon.obj: locally defined symbol imported: PR_ExitMonitor (defined in ..\config\external\nspr\pr\Unified_c_external_nspr_pr3.obj) [LNK4217]
 0:14.42 lld-link: warning: nss\lib\ssl\ssl_ssl\dtlscon.obj: locally defined symbol imported: PR_MillisecondsToInterval (defined in ..\config\external\nspr\pr\Unified_c_external_nspr_pr2.obj) [LNK4217]
 0:14.42 lld-link: warning: nss\lib\ssl\ssl_ssl\ssl3con.obj: locally defined symbol imported: PR_GetMonitorEntryCount (defined in ..\config\external\nspr\pr\Unified_c_external_nspr_pr3.obj) [LNK4217]
 0:14.42 lld-link: warning: nss\lib\ssl\ssl_ssl\ssl3con.obj: locally defined symbol imported: PR_EnterMonitor (defined in ..\config\external\nspr\pr\Unified_c_external_nspr_pr3.obj) [LNK4217]
 0:14.42 lld-link: warning: nss\lib\ssl\ssl_ssl\ssl3con.obj: locally defined symbol imported: PR_ExitMonitor (defined in ..\config\external\nspr\pr\Unified_c_external_nspr_pr3.obj) [LNK4217]
 0:14.42 lld-link: warning: nss\lib\ssl\ssl_ssl\ssl3con.obj: locally defined symbol imported: PR_GetError (defined in ..\config\external\nspr\pr\Unified_c_external_nspr_pr2.obj) [LNK4217]
 0:14.42 lld-link: warning: nss\lib\ssl\ssl_ssl\ssl3con.obj: locally defined symbol imported: PR_Sleep (defined in ..\config\external\nspr\pr\Unified_c_external_nspr_pr3.obj) [LNK4217]
 0:14.42 lld-link: warning: nss\lib\ssl\ssl_ssl\ssl3con.obj: locally defined symbol imported: PR_RWLock_Rlock (defined in ..\config\external\nspr\pr\Unified_c_external_nspr_pr3.obj) [LNK4217]
 0:14.42 lld-link: warning: nss\lib\ssl\ssl_ssl\ssl3con.obj: locally defined symbol imported: PR_RWLock_Unlock (defined in ..\config\external\nspr\pr\Unified_c_external_nspr_pr3.obj) [LNK4217]
 0:14.42 lld-link: warning: nss\lib\ssl\ssl_ssl\ssl3con.obj: locally defined symbol imported: PR_DestroyLock (defined in ..\config\external\nspr\pr\Unified_c_external_nspr_pr3.obj) [LNK4217]
 0:14.42 lld-link: warning: nss\lib\ssl\ssl_ssl\ssl3con.obj: locally defined symbol imported: PR_Lock (defined in ..\config\external\nspr\pr\Unified_c_external_nspr_pr3.obj) [LNK4217]
 0:14.42 lld-link: warning: nss\lib\ssl\ssl_ssl\ssl3con.obj: locally defined symbol imported: PR_Unlock (defined in ..\config\external\nspr\pr\Unified_c_external_nspr_pr3.obj) [LNK4217]
 0:14.42 lld-link: warning: nss\lib\ssl\ssl_ssl\ssl3con.obj: locally defined symbol imported: PR_NewLock (defined in ..\config\external\nspr\pr\Unified_c_external_nspr_pr3.obj) [LNK4217]
 0:14.42 lld-link: warning: nss\lib\ssl\ssl_ssl\ssl3con.obj: locally defined symbol imported: PR_Free (defined in ..\config\external\nspr\pr\Unified_c_external_nspr_pr1.obj) [LNK4217]
 0:14.42 lld-link: warning: nss\lib\ssl\ssl_ssl\ssl3con.obj: locally defined symbol imported: PR_GetCurrentThread (defined in ..\config\external\nspr\pr\Unified_c_external_nspr_pr3.obj) [LNK4217]
 0:14.42 lld-link: warning: nss\lib\ssl\ssl_ssl\ssl3exthandle.obj: locally defined symbol imported: PR_StringToNetAddr (defined in ..\config\external\nspr\pr\Unified_c_external_nspr_pr2.obj) [LNK4217]
 0:14.42 lld-link: warning: nss\lib\ssl\ssl_ssl\ssl3exthandle.obj: locally defined symbol imported: PR_ntohl (defined in ..\config\external\nspr\pr\Unified_c_external_nspr_pr2.obj) [LNK4217]
 0:14.42 lld-link: warning: nss\lib\ssl\ssl_ssl\ssl3gthr.obj: locally defined symbol imported: PR_EnterMonitor (defined in ..\config\external\nspr\pr\Unified_c_external_nspr_pr3.obj) [LNK4217]
 0:14.42 lld-link: warning: nss\lib\ssl\ssl_ssl\ssl3gthr.obj: locally defined symbol imported: PR_ExitMonitor (defined in ..\config\external\nspr\pr\Unified_c_external_nspr_pr3.obj) [LNK4217]
 0:14.42 lld-link: warning: nss\lib\ssl\ssl_ssl\sslbloom.obj: locally defined symbol imported: PR_ntohl (defined in ..\config\external\nspr\pr\Unified_c_external_nspr_pr2.obj) [LNK4217]
 0:14.42 lld-link: warning: nss\lib\ssl\ssl_ssl\sslcert.obj: locally defined symbol imported: PR_CallOnceWithArg (defined in ..\config\external\nspr\pr\Unified_c_external_nspr_pr2.obj) [LNK4217]
 0:14.42 lld-link: warning: nss\lib\ssl\ssl_ssl\sslcon.obj: locally defined symbol imported: PR_EnterMonitor (defined in ..\config\external\nspr\pr\Unified_c_external_nspr_pr3.obj) [LNK4217]
 0:14.42 lld-link: warning: nss\lib\ssl\ssl_ssl\sslcon.obj: locally defined symbol imported: PR_ExitMonitor (defined in ..\config\external\nspr\pr\Unified_c_external_nspr_pr3.obj) [LNK4217]
 0:14.42 lld-link: warning: nss\lib\ssl\ssl_ssl\ssldef.obj: locally defined symbol imported: PR_GetError (defined in ..\config\external\nspr\pr\Unified_c_external_nspr_pr2.obj) [LNK4217]
 0:14.42 lld-link: warning: nss\lib\ssl\ssl_ssl\ssldef.obj: locally defined symbol imported: PR_PopIOLayer (defined in ..\config\external\nspr\pr\Unified_c_external_nspr_pr0.obj) [LNK4217]
 0:14.42 lld-link: warning: nss\lib\ssl\ssl_ssl\sslencode.obj: locally defined symbol imported: PR_htonll (defined in ..\config\external\nspr\pr\Unified_c_external_nspr_pr2.obj) [LNK4217]
 0:14.42 lld-link: warning: nss\lib\ssl\ssl_ssl\sslerrstrs.obj: locally defined symbol imported: PR_CallOnce (defined in ..\config\external\nspr\pr\Unified_c_external_nspr_pr2.obj) [LNK4217]
 0:14.42 lld-link: warning: nss\lib\ssl\ssl_ssl\sslerrstrs.obj: locally defined symbol imported: PR_ErrorInstallTable (defined in ..\config\external\nspr\pr\Unified_c_external_nspr_pr2.obj) [LNK4217]
 0:14.42 lld-link: warning: nss\lib\ssl\ssl_ssl\sslgrp.obj: locally defined symbol imported: PR_CallOnce (defined in ..\config\external\nspr\pr\Unified_c_external_nspr_pr2.obj) [LNK4217]
 0:14.42 lld-link: warning: nss\lib\ssl\ssl_ssl\sslgrp.obj: locally defined symbol imported: PR_CallOnceWithArg (defined in ..\config\external\nspr\pr\Unified_c_external_nspr_pr2.obj) [LNK4217]
 0:14.42 lld-link: warning: nss\lib\ssl\ssl_ssl\sslinit.obj: locally defined symbol imported: PR_CallOnceWithArg (defined in ..\config\external\nspr\pr\Unified_c_external_nspr_pr2.obj) [LNK4217]
 0:14.42 lld-link: warning: nss\lib\ssl\ssl_ssl\sslmutex.obj: locally defined symbol imported: PR_NewLock (defined in ..\config\external\nspr\pr\Unified_c_external_nspr_pr3.obj) [LNK4217]
 0:14.42 lld-link: warning: nss\lib\ssl\ssl_ssl\sslmutex.obj: locally defined symbol imported: PR_DestroyLock (defined in ..\config\external\nspr\pr\Unified_c_external_nspr_pr3.obj) [LNK4217]
 0:14.42 lld-link: warning: nss\lib\ssl\ssl_ssl\sslmutex.obj: locally defined symbol imported: PR_Unlock (defined in ..\config\external\nspr\pr\Unified_c_external_nspr_pr3.obj) [LNK4217]
 0:14.42 lld-link: warning: nss\lib\ssl\ssl_ssl\sslmutex.obj: locally defined symbol imported: PR_Lock (defined in ..\config\external\nspr\pr\Unified_c_external_nspr_pr3.obj) [LNK4217]
 0:14.42 lld-link: warning: nss\lib\ssl\ssl_ssl\sslnonce.obj: locally defined symbol imported: PR_DestroyLock (defined in ..\config\external\nspr\pr\Unified_c_external_nspr_pr3.obj) [LNK4217]
 0:14.42 lld-link: warning: nss\lib\ssl\ssl_ssl\sslnonce.obj: locally defined symbol imported: PR_CallOnce (defined in ..\config\external\nspr\pr\Unified_c_external_nspr_pr2.obj) [LNK4217]
 0:14.42 lld-link: warning: nss\lib\ssl\ssl_ssl\sslnonce.obj: locally defined symbol imported: PR_NewLock (defined in ..\config\external\nspr\pr\Unified_c_external_nspr_pr3.obj) [LNK4217]
 0:14.42 lld-link: warning: nss\lib\ssl\ssl_ssl\sslnonce.obj: locally defined symbol imported: PR_DestroyRWLock (defined in ..\config\external\nspr\pr\Unified_c_external_nspr_pr3.obj) [LNK4217]
 0:14.42 lld-link: warning: nss\lib\ssl\ssl_ssl\sslnonce.obj: locally defined symbol imported: PR_Lock (defined in ..\config\external\nspr\pr\Unified_c_external_nspr_pr3.obj) [LNK4217]
 0:14.42 lld-link: warning: nss\lib\ssl\ssl_ssl\sslnonce.obj: locally defined symbol imported: PR_Unlock (defined in ..\config\external\nspr\pr\Unified_c_external_nspr_pr3.obj) [LNK4217]
 0:14.42 lld-link: warning: nss\lib\ssl\ssl_ssl\sslnonce.obj: locally defined symbol imported: PR_NewRWLock (defined in ..\config\external\nspr\pr\Unified_c_external_nspr_pr3.obj) [LNK4217]
 0:14.42 lld-link: warning: nss\lib\ssl\ssl_ssl\sslnonce.obj: locally defined symbol imported: PR_RWLock_Wlock (defined in ..\config\external\nspr\pr\Unified_c_external_nspr_pr3.obj) [LNK4217]
 0:14.42 lld-link: warning: nss\lib\ssl\ssl_ssl\sslnonce.obj: locally defined symbol imported: PR_RWLock_Unlock (defined in ..\config\external\nspr\pr\Unified_c_external_nspr_pr3.obj) [LNK4217]
 0:14.42 lld-link: warning: nss\lib\ssl\ssl_ssl\sslreveal.obj: locally defined symbol imported: PR_EnterMonitor (defined in ..\config\external\nspr\pr\Unified_c_external_nspr_pr3.obj) [LNK4217]
 0:14.42 lld-link: warning: nss\lib\ssl\ssl_ssl\sslreveal.obj: locally defined symbol imported: PR_ExitMonitor (defined in ..\config\external\nspr\pr\Unified_c_external_nspr_pr3.obj) [LNK4217]
 0:14.42 lld-link: warning: nss\lib\ssl\ssl_ssl\sslsecur.obj: locally defined symbol imported: PR_Lock (defined in ..\config\external\nspr\pr\Unified_c_external_nspr_pr3.obj) [LNK4217]
 0:14.42 lld-link: warning: nss\lib\ssl\ssl_ssl\sslsecur.obj: locally defined symbol imported: PR_EnterMonitor (defined in ..\config\external\nspr\pr\Unified_c_external_nspr_pr3.obj) [LNK4217]
 0:14.42 lld-link: warning: nss\lib\ssl\ssl_ssl\sslsecur.obj: locally defined symbol imported: PR_ExitMonitor (defined in ..\config\external\nspr\pr\Unified_c_external_nspr_pr3.obj) [LNK4217]
 0:14.42 lld-link: warning: nss\lib\ssl\ssl_ssl\sslsecur.obj: locally defined symbol imported: PR_Unlock (defined in ..\config\external\nspr\pr\Unified_c_external_nspr_pr3.obj) [LNK4217]
 0:14.42 lld-link: warning: nss\lib\ssl\ssl_ssl\sslsecur.obj: locally defined symbol imported: PR_GetError (defined in ..\config\external\nspr\pr\Unified_c_external_nspr_pr2.obj) [LNK4217]
 0:14.42 lld-link: warning: nss\lib\ssl\ssl_ssl\sslsecur.obj: locally defined symbol imported: PR_GetCurrentThread (defined in ..\config\external\nspr\pr\Unified_c_external_nspr_pr3.obj) [LNK4217]
 0:14.42 lld-link: warning: nss\lib\ssl\ssl_ssl\sslsnce.obj: locally defined symbol imported: PR_Now (defined in ..\config\external\nspr\pr\Unified_c_external_nspr_pr1.obj) [LNK4217]
 0:14.42 lld-link: warning: nss\lib\ssl\ssl_ssl\sslsnce.obj: locally defined symbol imported: PR_GetError (defined in ..\config\external\nspr\pr\Unified_c_external_nspr_pr2.obj) [LNK4217]
 0:14.42 lld-link: warning: nss\lib\ssl\ssl_ssl\sslsnce.obj: locally defined symbol imported: PR_smprintf (defined in ..\config\external\nspr\pr\Unified_c_external_nspr_pr0.obj) [LNK4217]
 0:14.42 lld-link: warning: nss\lib\ssl\ssl_ssl\sslsnce.obj: locally defined symbol imported: PR_OpenAnonFileMap (defined in ..\config\external\nspr\pr\Unified_c_external_nspr_pr2.obj) [LNK4217]
 0:14.42 lld-link: warning: nss\lib\ssl\ssl_ssl\sslsnce.obj: locally defined symbol imported: PR_smprintf_free (defined in ..\config\external\nspr\pr\Unified_c_external_nspr_pr0.obj) [LNK4217]
 0:14.42 lld-link: warning: nss\lib\ssl\ssl_ssl\sslsnce.obj: locally defined symbol imported: PR_MemMap (defined in ..\config\external\nspr\pr\Unified_c_external_nspr_pr0.obj) [LNK4217]
 0:14.42 lld-link: warning: nss\lib\ssl\ssl_ssl\sslsnce.obj: locally defined symbol imported: PR_MemUnmap (defined in ..\config\external\nspr\pr\Unified_c_external_nspr_pr0.obj) [LNK4217]
 0:14.42 lld-link: warning: nss\lib\ssl\ssl_ssl\sslsnce.obj: locally defined symbol imported: PR_CloseFileMap (defined in ..\config\external\nspr\pr\Unified_c_external_nspr_pr0.obj) [LNK4217]
 0:14.42 lld-link: warning: nss\lib\ssl\ssl_ssl\sslsnce.obj: locally defined symbol imported: PR_ExportFileMapAsString (defined in ..\config\external\nspr\pr\Unified_c_external_nspr_pr2.obj) [LNK4217]
 0:14.42 lld-link: warning: nss\lib\ssl\ssl_ssl\sslsnce.obj: locally defined symbol imported: PR_GetEnvSecure (defined in ..\config\external\nspr\pr\Unified_c_external_nspr_pr2.obj) [LNK4217]
 0:14.42 lld-link: warning: nss\lib\ssl\ssl_ssl\sslsnce.obj: locally defined symbol imported: PR_ImportFileMapFromString (defined in ..\config\external\nspr\pr\Unified_c_external_nspr_pr2.obj) [LNK4217]
 0:14.42 lld-link: warning: nss\lib\ssl\ssl_ssl\sslsnce.obj: locally defined symbol imported: PR_CallOnce (defined in ..\config\external\nspr\pr\Unified_c_external_nspr_pr2.obj) [LNK4217]
 0:14.42 lld-link: warning: nss\lib\ssl\ssl_ssl\sslsnce.obj: locally defined symbol imported: PR_NewRWLock (defined in ..\config\external\nspr\pr\Unified_c_external_nspr_pr3.obj) [LNK4217]
 0:14.42 lld-link: warning: nss\lib\ssl\ssl_ssl\sslsnce.obj: locally defined symbol imported: PR_RWLock_Wlock (defined in ..\config\external\nspr\pr\Unified_c_external_nspr_pr3.obj) [LNK4217]
 0:14.42 lld-link: warning: nss\lib\ssl\ssl_ssl\sslsnce.obj: locally defined symbol imported: PR_RWLock_Unlock (defined in ..\config\external\nspr\pr\Unified_c_external_nspr_pr3.obj) [LNK4217]
 0:14.42 lld-link: warning: nss\lib\ssl\ssl_ssl\sslsnce.obj: locally defined symbol imported: PR_RWLock_Rlock (defined in ..\config\external\nspr\pr\Unified_c_external_nspr_pr3.obj) [LNK4217]
 0:14.42 lld-link: warning: nss\lib\ssl\ssl_ssl\sslsnce.obj: locally defined symbol imported: PR_CallOnceWithArg (defined in ..\config\external\nspr\pr\Unified_c_external_nspr_pr2.obj) [LNK4217]
 0:14.42 lld-link: warning: nss\lib\ssl\ssl_ssl\sslsnce.obj: locally defined symbol imported: PR_DestroyRWLock (defined in ..\config\external\nspr\pr\Unified_c_external_nspr_pr3.obj) [LNK4217]
 0:14.42 lld-link: warning: nss\lib\ssl\ssl_ssl\sslsock.obj: locally defined symbol imported: PR_GetIdentitiesLayer (defined in ..\config\external\nspr\pr\Unified_c_external_nspr_pr0.obj) [LNK4217]
 0:14.42 lld-link: warning: nss\lib\ssl\ssl_ssl\sslsock.obj: locally defined symbol imported: PR_Unlock (defined in ..\config\external\nspr\pr\Unified_c_external_nspr_pr3.obj) [LNK4217]
 0:14.42 lld-link: warning: nss\lib\ssl\ssl_ssl\sslsock.obj: locally defined symbol imported: PR_EnterMonitor (defined in ..\config\external\nspr\pr\Unified_c_external_nspr_pr3.obj) [LNK4217]
 0:14.42 lld-link: warning: nss\lib\ssl\ssl_ssl\sslsock.obj: locally defined symbol imported: PR_ExitMonitor (defined in ..\config\external\nspr\pr\Unified_c_external_nspr_pr3.obj) [LNK4217]
 0:14.42 lld-link: warning: nss\lib\ssl\ssl_ssl\sslsock.obj: locally defined symbol imported: PR_DestroyMonitor (defined in ..\config\external\nspr\pr\Unified_c_external_nspr_pr3.obj) [LNK4217]
 0:14.42 lld-link: warning: nss\lib\ssl\ssl_ssl\sslsock.obj: locally defined symbol imported: PR_DestroyLock (defined in ..\config\external\nspr\pr\Unified_c_external_nspr_pr3.obj) [LNK4217]
 0:14.42 lld-link: warning: nss\lib\ssl\ssl_ssl\sslsock.obj: locally defined symbol imported: PR_SetError (defined in ..\config\external\nspr\pr\Unified_c_external_nspr_pr2.obj) [LNK4217]
 0:14.42 lld-link: warning: nss\lib\ssl\ssl_ssl\sslsock.obj: locally defined symbol imported: PR_NewMonitor (defined in ..\config\external\nspr\pr\Unified_c_external_nspr_pr3.obj) [LNK4217]
 0:14.42 lld-link: warning: nss\lib\ssl\ssl_ssl\sslsock.obj: locally defined symbol imported: PR_NewLock (defined in ..\config\external\nspr\pr\Unified_c_external_nspr_pr3.obj) [LNK4217]
 0:14.42 lld-link: warning: nss\lib\ssl\ssl_ssl\sslsock.obj: locally defined symbol imported: PR_CallOnce (defined in ..\config\external\nspr\pr\Unified_c_external_nspr_pr2.obj) [LNK4217]
 0:14.42 lld-link: warning: nss\lib\ssl\ssl_ssl\sslsock.obj: locally defined symbol imported: PR_CreateIOLayerStub (defined in ..\config\external\nspr\pr\Unified_c_external_nspr_pr0.obj) [LNK4217]
 0:14.42 lld-link: warning: nss\lib\ssl\ssl_ssl\sslsock.obj: locally defined symbol imported: PR_PushIOLayer (defined in ..\config\external\nspr\pr\Unified_c_external_nspr_pr0.obj) [LNK4217]
 0:14.42 lld-link: warning: nss\lib\ssl\ssl_ssl\sslsock.obj: locally defined symbol imported: PR_ConvertIPv4AddrToIPv6 (defined in ..\config\external\nspr\pr\Unified_c_external_nspr_pr2.obj) [LNK4217]
 0:14.42 lld-link: warning: nss\lib\ssl\ssl_ssl\sslsock.obj: locally defined symbol imported: PR_GetSocketOption (defined in ..\config\external\nspr\pr\Unified_c_external_nspr_pr0.obj) [LNK4217]
 0:14.42 lld-link: warning: nss\lib\ssl\ssl_ssl\sslsock.obj: locally defined symbol imported: PR_Now (defined in ..\config\external\nspr\pr\Unified_c_external_nspr_pr1.obj) [LNK4217]
 0:14.42 lld-link: warning: nss\lib\ssl\ssl_ssl\sslsock.obj: locally defined symbol imported: PR_GetUniqueIdentity (defined in ..\config\external\nspr\pr\Unified_c_external_nspr_pr0.obj) [LNK4217]
 0:14.42 lld-link: warning: nss\lib\ssl\ssl_ssl\sslsock.obj: locally defined symbol imported: PR_GetDefaultIOMethods (defined in ..\config\external\nspr\pr\Unified_c_external_nspr_pr0.obj) [LNK4217]
 0:14.42 lld-link: warning: nss\lib\ssl\ssl_ssl\sslsock.obj: locally defined symbol imported: PR_EmulateAcceptRead (defined in ..\config\external\nspr\pr\Unified_c_external_nspr_pr0.obj) [LNK4217]
 0:14.42 lld-link: warning: nss\lib\ssl\ssl_ssl\sslsock.obj: locally defined symbol imported: PR_EmulateSendFile (defined in ..\config\external\nspr\pr\Unified_c_external_nspr_pr0.obj) [LNK4217]
 0:14.42 lld-link: warning: nss\lib\ssl\ssl_ssl\sslsock.obj: locally defined symbol imported: PR_Lock (defined in ..\config\external\nspr\pr\Unified_c_external_nspr_pr3.obj) [LNK4217]
 0:14.42 lld-link: warning: nss\lib\ssl\ssl_ssl\sslsock.obj: locally defined symbol imported: PR_GetError (defined in ..\config\external\nspr\pr\Unified_c_external_nspr_pr2.obj) [LNK4217]
 0:14.42 lld-link: warning: nss\lib\ssl\ssl_ssl\sslsock.obj: locally defined symbol imported: PR_Close (defined in ..\config\external\nspr\pr\Unified_c_external_nspr_pr0.obj) [LNK4217]
 0:14.42 lld-link: warning: nss\lib\ssl\ssl_ssl\sslsock.obj: locally defined symbol imported: PR_GetEnvSecure (defined in ..\config\external\nspr\pr\Unified_c_external_nspr_pr2.obj) [LNK4217]
 0:14.42 lld-link: warning: nss\lib\ssl\ssl_ssl\tls13con.obj: locally defined symbol imported: PR_EnterMonitor (defined in ..\config\external\nspr\pr\Unified_c_external_nspr_pr3.obj) [LNK4217]
 0:14.42 lld-link: warning: nss\lib\ssl\ssl_ssl\tls13con.obj: locally defined symbol imported: PR_ExitMonitor (defined in ..\config\external\nspr\pr\Unified_c_external_nspr_pr3.obj) [LNK4217]
 0:14.42 lld-link: warning: nss\lib\ssl\ssl_ssl\tls13con.obj: locally defined symbol imported: PR_ntohl (defined in ..\config\external\nspr\pr\Unified_c_external_nspr_pr2.obj) [LNK4217]
 0:14.42 lld-link: warning: nss\lib\ssl\ssl_ssl\tls13con.obj: locally defined symbol imported: PR_snprintf (defined in ..\config\external\nspr\pr\Unified_c_external_nspr_pr0.obj) [LNK4217]
 0:14.42 lld-link: warning: nss\lib\ssl\ssl_ssl\tls13exthandle.obj: locally defined symbol imported: PR_ntohl (defined in ..\config\external\nspr\pr\Unified_c_external_nspr_pr2.obj) [LNK4217]
 0:14.42 lld-link: warning: nss\lib\ssl\ssl_ssl\tls13psk.obj: locally defined symbol imported: PR_ExitMonitor (defined in ..\config\external\nspr\pr\Unified_c_external_nspr_pr3.obj) [LNK4217]
 0:14.42 lld-link: warning: nss\lib\ssl\ssl_ssl\tls13psk.obj: locally defined symbol imported: PR_EnterMonitor (defined in ..\config\external\nspr\pr\Unified_c_external_nspr_pr3.obj) [LNK4217]
 0:14.42 lld-link: warning: nss\lib\ssl\ssl_ssl\tls13replay.obj: locally defined symbol imported: PR_DestroyMonitor (defined in ..\config\external\nspr\pr\Unified_c_external_nspr_pr3.obj) [LNK4217]
 0:14.42 lld-link: warning: nss\lib\ssl\ssl_ssl\tls13replay.obj: locally defined symbol imported: PR_NewMonitor (defined in ..\config\external\nspr\pr\Unified_c_external_nspr_pr3.obj) [LNK4217]
 0:14.42 lld-link: warning: nss\lib\ssl\ssl_ssl\tls13replay.obj: locally defined symbol imported: PR_EnterMonitor (defined in ..\config\external\nspr\pr\Unified_c_external_nspr_pr3.obj) [LNK4217]
 0:14.42 lld-link: warning: nss\lib\ssl\ssl_ssl\tls13replay.obj: locally defined symbol imported: PR_ExitMonitor (defined in ..\config\external\nspr\pr\Unified_c_external_nspr_pr3.obj) [LNK4217]
 0:14.42 lld-link: warning: nss\lib\ssl\ssl_ssl\tls13subcerts.obj: locally defined symbol imported: PR_GMTParameters (defined in ..\config\external\nspr\pr\Unified_c_external_nspr_pr2.obj) [LNK4217]
 0:14.42 lld-link: warning: nss\lib\ssl\ssl_ssl\tls13subcerts.obj: locally defined symbol imported: PR_ExplodeTime (defined in ..\config\external\nspr\pr\Unified_c_external_nspr_pr2.obj) [LNK4217]
 0:14.42 lld-link: warning: nss\lib\ssl\ssl_ssl\tls13subcerts.obj: locally defined symbol imported: PR_FormatTime (defined in ..\config\external\nspr\pr\Unified_c_external_nspr_pr2.obj) [LNK4217]
 0:14.42 lld-link: warning: nss\lib\ssl\ssl_ssl\win32err.obj: locally defined symbol imported: PR_SetError (defined in ..\config\external\nspr\pr\Unified_c_external_nspr_pr2.obj) [LNK4217]
 0:14.42 toolkit/components/contentanalysis/tests/gtest/agent/content_analysis_sdk_agent.exe
 0:14.49 mozglue/tests/TestIntegerPrintfMacros.exe
 0:14.53 toolkit/xre/dllservices/tests/TestDllBlocklistAssumptions.exe
 0:14.54 toolkit/xre/dllservices/tests/TestDllInterceptor.exe
 0:14.58 toolkit/xre/test/win/TestXREMakeCommandLineWin.exe
 0:14.60 toolkit/xre/dllservices/tests/TestIATPatcher.exe
 0:14.66 mozglue/tests/TestPrintf.exe
 0:14.66 mfbt/tests/TestAtomicBitfields.exe
 0:14.73 media/libsoundtouch/src/rlboxsoundtouch.wasm.c.stub
 0:14.90 mozglue/tests/TestNativeNt.exe
 0:14.95 mfbt/tests/TestAtomics.exe
 0:14.96 widget/windows/tests/TestUriValidation.exe
 0:15.02 mfbt/tests/TestBinarySearch.exe
 0:15.02 xpcom/tests/TestArguments.exe
 0:15.03 xpcom/tests/TestBlockingProcess.exe
 0:15.04 toolkit/xre/dllservices/tests/TestMMPolicy.exe
 0:15.14 xpcom/tests/TestPRIntN.exe
 0:15.15 mozglue/tests/TestPEExportSection.exe
 0:15.24 toolkit/xre/dllservices/tests/TestOleAut32Initialization.exe
 0:15.34 mozglue/tests/TestStackCookie.exe
 0:15.34 mfbt/tests/TestBitSet.exe
 0:15.35 mozglue/tests/TestTimeStampWin.exe
 0:15.40 mfbt/tests/TestBloomFilter.exe
 0:15.47 xpcom/tests/TestQuickReturn.exe
 0:15.48 toolkit/xre/dllservices/tests/TestDllInterceptorCrossProcess.exe
 0:15.49 xpcom/tests/TestUnicodeArguments.exe
 0:15.52 mfbt/tests/TestBufferList.exe
 0:15.59 js/src/build/js_static.lib
 0:15.62 warning: hiding a lifetime that's elided elsewhere is confusing
 0:15.62     --> xpcom\rust\nsstring\src\lib.rs:644:38
 0:15.62      |
 0:15.62  644 |               pub unsafe fn bulk_write(&mut self,
 0:15.62      |                                        ^^^^^^^^^ the lifetime is elided here
 0:15.62 ...
 0:15.62  647 |                                        allow_shrinking: bool) -> Result<$BulkWriteHandle, ()> {
 0:15.62      |                                                                         ^^^^^^^^^^^^^^^^ the same lifetime is hidden here
 0:15.62 ...
 0:15.62 1082 | / define_string_types! {
 0:15.62 1083 | |     char_t = u8;
 0:15.62 1084 | |
 0:15.62 1085 | |     AString = nsACString;
 0:15.62 ...    |
 0:15.62 1103 | |     start_bulk_write = Gecko_StartBulkWriteCString;
 0:15.62 1104 | | }
 0:15.62      | |_- in this macro invocation
 0:15.62      |
 0:15.62      = help: the same lifetime is referred to in inconsistent ways, making the signature confusing
 0:15.62      = note: `#[warn(mismatched_lifetime_syntaxes)]` on by default
 0:15.62      = note: this warning originates in the macro `define_string_types` (in Nightly builds, run with -Z macro-backtrace for more info)
 0:15.62 help: use `'_` for type paths
 0:15.62      |
 0:15.62  647 |                                      allow_shrinking: bool) -> Result<$BulkWriteHandle<'_>, ()> {
 0:15.62      |                                                                                       ++++
 0:15.62 warning: hiding a lifetime that's elided elsewhere is confusing
 0:15.62     --> xpcom\rust\nsstring\src\lib.rs:208:22
 0:15.62      |
 0:15.62  208 |               fn adapt(&self) -> $StringAdapter;
 0:15.62      |                        ^^^^^     ^^^^^^^^^^^^^^ the same lifetime is hidden here
 0:15.62      |                        |
 0:15.62      |                        the lifetime is elided here
 0:15.62 ...
 0:15.62 1082 | / define_string_types! {
 0:15.62 1083 | |     char_t = u8;
 0:15.62 1084 | |
 0:15.62 1085 | |     AString = nsACString;
 0:15.62 ...    |
 0:15.62 1103 | |     start_bulk_write = Gecko_StartBulkWriteCString;
 0:15.62 1104 | | }
 0:15.62      | |_- in this macro invocation
 0:15.62      |
 0:15.62      = help: the same lifetime is referred to in inconsistent ways, making the signature confusing
 0:15.62      = note: this warning originates in the macro `string_like` which comes from the expansion of the macro `define_string_types` (in Nightly builds, run with -Z macro-backtrace for more info)
 0:15.62 help: use `'_` for type paths
 0:15.62      |
 0:15.62  208 |             fn adapt(&self) -> $StringAdapter<'_>;
 0:15.62      |                                              ++++
 0:15.62 warning: hiding a lifetime that's elided elsewhere is confusing
 0:15.62     --> xpcom\rust\nsstring\src\lib.rs:212:22
 0:15.62      |
 0:15.62  212 |               fn adapt(&self) -> $StringAdapter {
 0:15.62      |                        ^^^^^     ^^^^^^^^^^^^^^ the same lifetime is hidden here
 0:15.62      |                        |
 0:15.62      |                        the lifetime is elided here
 0:15.62 ...
 0:15.62 1082 | / define_string_types! {
 0:15.62 1083 | |     char_t = u8;
 0:15.62 1084 | |
 0:15.62 1085 | |     AString = nsACString;
 0:15.62 ...    |
 0:15.62 1103 | |     start_bulk_write = Gecko_StartBulkWriteCString;
 0:15.62 1104 | | }
 0:15.62      | |_- in this macro invocation
 0:15.62      |
 0:15.62      = help: the same lifetime is referred to in inconsistent ways, making the signature confusing
 0:15.62      = note: this warning originates in the macro `string_like` which comes from the expansion of the macro `define_string_types` (in Nightly builds, run with -Z macro-backtrace for more info)
 0:15.62 help: use `'_` for type paths
 0:15.62      |
 0:15.62  212 |             fn adapt(&self) -> $StringAdapter<'_> {
 0:15.62      |                                              ++++
 0:15.62 warning: hiding a lifetime that's elided elsewhere is confusing
 0:15.62     --> xpcom\rust\nsstring\src\lib.rs:219:22
 0:15.62      |
 0:15.62  219 |               fn adapt(&self) -> $StringAdapter {
 0:15.62      |                        ^^^^^     ^^^^^^^^^^^^^^ the same lifetime is hidden here
 0:15.62      |                        |
 0:15.62      |                        the lifetime is elided here
 0:15.62 ...
 0:15.62 1082 | / define_string_types! {
 0:15.62 1083 | |     char_t = u8;
 0:15.62 1084 | |
 0:15.62 1085 | |     AString = nsACString;
 0:15.62 ...    |
 0:15.62 1103 | |     start_bulk_write = Gecko_StartBulkWriteCString;
 0:15.62 1104 | | }
 0:15.62      | |_- in this macro invocation
 0:15.62      |
 0:15.62      = help: the same lifetime is referred to in inconsistent ways, making the signature confusing
 0:15.62      = note: this warning originates in the macro `string_like` which comes from the expansion of the macro `define_string_types` (in Nightly builds, run with -Z macro-backtrace for more info)
 0:15.62 help: use `'_` for type paths
 0:15.62      |
 0:15.62  219 |             fn adapt(&self) -> $StringAdapter<'_> {
 0:15.62      |                                              ++++
 0:15.62 warning: hiding a lifetime that's elided elsewhere is confusing
 0:15.62     --> xpcom\rust\nsstring\src\lib.rs:225:22
 0:15.62      |
 0:15.62  225 |               fn adapt(&self) -> $StringAdapter {
 0:15.62      |                        ^^^^^     ^^^^^^^^^^^^^^ the same lifetime is hidden here
 0:15.62      |                        |
 0:15.62      |                        the lifetime is elided here
 0:15.62 ...
 0:15.62 1082 | / define_string_types! {
 0:15.62 1083 | |     char_t = u8;
 0:15.62 1084 | |
 0:15.62 1085 | |     AString = nsACString;
 0:15.62 ...    |
 0:15.62 1103 | |     start_bulk_write = Gecko_StartBulkWriteCString;
 0:15.62 1104 | | }
 0:15.62      | |_- in this macro invocation
 0:15.62      |
 0:15.62      = help: the same lifetime is referred to in inconsistent ways, making the signature confusing
 0:15.62      = note: this warning originates in the macro `string_like` which comes from the expansion of the macro `define_string_types` (in Nightly builds, run with -Z macro-backtrace for more info)
 0:15.62 help: use `'_` for type paths
 0:15.62      |
 0:15.62  225 |             fn adapt(&self) -> $StringAdapter<'_> {
 0:15.62      |                                              ++++
 0:15.62 warning: hiding a lifetime that's elided elsewhere is confusing
 0:15.62     --> xpcom\rust\nsstring\src\lib.rs:231:22
 0:15.62      |
 0:15.62  231 |               fn adapt(&self) -> $StringAdapter {
 0:15.62      |                        ^^^^^     ^^^^^^^^^^^^^^ the same lifetime is hidden here
 0:15.62      |                        |
 0:15.62      |                        the lifetime is elided here
 0:15.62 ...
 0:15.62 1082 | / define_string_types! {
 0:15.62 1083 | |     char_t = u8;
 0:15.62 1084 | |
 0:15.62 1085 | |     AString = nsACString;
 0:15.62 ...    |
 0:15.62 1103 | |     start_bulk_write = Gecko_StartBulkWriteCString;
 0:15.62 1104 | | }
 0:15.63      | |_- in this macro invocation
 0:15.63      |
 0:15.63      = help: the same lifetime is referred to in inconsistent ways, making the signature confusing
 0:15.63      = note: this warning originates in the macro `string_like` which comes from the expansion of the macro `define_string_types` (in Nightly builds, run with -Z macro-backtrace for more info)
 0:15.63 help: use `'_` for type paths
 0:15.63      |
 0:15.63  231 |             fn adapt(&self) -> $StringAdapter<'_> {
 0:15.63      |                                              ++++
 0:15.63 warning: hiding a lifetime that's elided elsewhere is confusing
 0:15.63     --> xpcom\rust\nsstring\src\lib.rs:237:22
 0:15.63      |
 0:15.63  237 |               fn adapt(&self) -> $StringAdapter {
 0:15.63      |                        ^^^^^     ^^^^^^^^^^^^^^ the same lifetime is hidden here
 0:15.63      |                        |
 0:15.63      |                        the lifetime is elided here
 0:15.63 ...
 0:15.63 1082 | / define_string_types! {
 0:15.63 1083 | |     char_t = u8;
 0:15.63 1084 | |
 0:15.63 1085 | |     AString = nsACString;
 0:15.63 ...    |
 0:15.63 1103 | |     start_bulk_write = Gecko_StartBulkWriteCString;
 0:15.63 1104 | | }
 0:15.63      | |_- in this macro invocation
 0:15.63      |
 0:15.63      = help: the same lifetime is referred to in inconsistent ways, making the signature confusing
 0:15.63      = note: this warning originates in the macro `string_like` which comes from the expansion of the macro `define_string_types` (in Nightly builds, run with -Z macro-backtrace for more info)
 0:15.63 help: use `'_` for type paths
 0:15.63      |
 0:15.63  237 |             fn adapt(&self) -> $StringAdapter<'_> {
 0:15.63      |                                              ++++
 0:15.63 warning: hiding a lifetime that's elided elsewhere is confusing
 0:15.63     --> xpcom\rust\nsstring\src\lib.rs:243:22
 0:15.63      |
 0:15.63  243 |               fn adapt(&self) -> $StringAdapter {
 0:15.63      |                        ^^^^^     ^^^^^^^^^^^^^^ the same lifetime is hidden here
 0:15.63      |                        |
 0:15.63      |                        the lifetime is elided here
 0:15.63 ...
 0:15.63 1082 | / define_string_types! {
 0:15.63 1083 | |     char_t = u8;
 0:15.63 1084 | |
 0:15.63 1085 | |     AString = nsACString;
 0:15.63 ...    |
 0:15.63 1103 | |     start_bulk_write = Gecko_StartBulkWriteCString;
 0:15.63 1104 | | }
 0:15.63      | |_- in this macro invocation
 0:15.63      |
 0:15.63      = help: the same lifetime is referred to in inconsistent ways, making the signature confusing
 0:15.63      = note: this warning originates in the macro `string_like` which comes from the expansion of the macro `define_string_types` (in Nightly builds, run with -Z macro-backtrace for more info)
 0:15.63 help: use `'_` for type paths
 0:15.63      |
 0:15.63  243 |             fn adapt(&self) -> $StringAdapter<'_> {
 0:15.63      |                                              ++++
 0:15.63 warning: hiding a lifetime that's elided elsewhere is confusing
 0:15.63     --> xpcom\rust\nsstring\src\lib.rs:249:22
 0:15.63      |
 0:15.63  249 |               fn adapt(&self) -> $StringAdapter {
 0:15.63      |                        ^^^^^     ^^^^^^^^^^^^^^ the same lifetime is hidden here
 0:15.63      |                        |
 0:15.63      |                        the lifetime is elided here
 0:15.63 ...
 0:15.63 1082 | / define_string_types! {
 0:15.63 1083 | |     char_t = u8;
 0:15.63 1084 | |
 0:15.63 1085 | |     AString = nsACString;
 0:15.63 ...    |
 0:15.63 1103 | |     start_bulk_write = Gecko_StartBulkWriteCString;
 0:15.63 1104 | | }
 0:15.63      | |_- in this macro invocation
 0:15.63      |
 0:15.63      = help: the same lifetime is referred to in inconsistent ways, making the signature confusing
 0:15.63      = note: this warning originates in the macro `string_like` which comes from the expansion of the macro `define_string_types` (in Nightly builds, run with -Z macro-backtrace for more info)
 0:15.63 help: use `'_` for type paths
 0:15.63      |
 0:15.63  249 |             fn adapt(&self) -> $StringAdapter<'_> {
 0:15.63      |                                              ++++
 0:15.63 warning: hiding a lifetime that's elided elsewhere is confusing
 0:15.63     --> xpcom\rust\nsstring\src\lib.rs:255:22
 0:15.63      |
 0:15.63  255 |               fn adapt(&self) -> $StringAdapter {
 0:15.63      |                        ^^^^^     ^^^^^^^^^^^^^^ the same lifetime is hidden here
 0:15.63      |                        |
 0:15.63      |                        the lifetime is elided here
 0:15.63 ...
 0:15.63 1082 | / define_string_types! {
 0:15.63 1083 | |     char_t = u8;
 0:15.63 1084 | |
 0:15.63 1085 | |     AString = nsACString;
 0:15.63 ...    |
 0:15.63 1103 | |     start_bulk_write = Gecko_StartBulkWriteCString;
 0:15.63 1104 | | }
 0:15.63      | |_- in this macro invocation
 0:15.63      |
 0:15.63      = help: the same lifetime is referred to in inconsistent ways, making the signature confusing
 0:15.63      = note: this warning originates in the macro `string_like` which comes from the expansion of the macro `define_string_types` (in Nightly builds, run with -Z macro-backtrace for more info)
 0:15.63 help: use `'_` for type paths
 0:15.63      |
 0:15.63  255 |             fn adapt(&self) -> $StringAdapter<'_> {
 0:15.63      |                                              ++++
 0:15.63 warning: hiding a lifetime that's elided elsewhere is confusing
 0:15.63     --> xpcom\rust\nsstring\src\lib.rs:1110:20
 0:15.63      |
 0:15.63 1110 |     pub fn to_utf8(&self) -> borrow::Cow<str> {
 0:15.63      |                    ^^^^^     ^^^^^^^^^^^^^^^^ the same lifetime is hidden here
 0:15.63      |                    |
 0:15.63      |                    the lifetime is elided here
 0:15.63      |
 0:15.63      = help: the same lifetime is referred to in inconsistent ways, making the signature confusing
 0:15.63 help: use `'_` for type paths
 0:15.63      |
 0:15.63 1110 |     pub fn to_utf8(&self) -> borrow::Cow<'_, str> {
 0:15.63      |                                          +++
 0:15.63 warning: hiding a lifetime that's elided elsewhere is confusing
 0:15.63     --> xpcom\rust\nsstring\src\lib.rs:1187:14
 0:15.63      |
 0:15.63 1187 |     fn adapt(&self) -> nsCStringAdapter {
 0:15.63      |              ^^^^^     ^^^^^^^^^^^^^^^^ the same lifetime is hidden here
 0:15.63      |              |
 0:15.63      |              the lifetime is elided here
 0:15.63      |
 0:15.63      = help: the same lifetime is referred to in inconsistent ways, making the signature confusing
 0:15.63 help: use `'_` for type paths
 0:15.63      |
 0:15.63 1187 |     fn adapt(&self) -> nsCStringAdapter<'_> {
 0:15.63      |                                        ++++
 0:15.63 warning: hiding a lifetime that's elided elsewhere is confusing
 0:15.63     --> xpcom\rust\nsstring\src\lib.rs:1193:14
 0:15.63      |
 0:15.63 1193 |     fn adapt(&self) -> nsCStringAdapter {
 0:15.63      |              ^^^^^     ^^^^^^^^^^^^^^^^ the same lifetime is hidden here
 0:15.63      |              |
 0:15.63      |              the lifetime is elided here
 0:15.63      |
 0:15.63      = help: the same lifetime is referred to in inconsistent ways, making the signature confusing
 0:15.63 help: use `'_` for type paths
 0:15.63      |
 0:15.63 1193 |     fn adapt(&self) -> nsCStringAdapter<'_> {
 0:15.63      |                                        ++++
 0:15.63 warning: hiding a lifetime that's elided elsewhere is confusing
 0:15.63     --> xpcom\rust\nsstring\src\lib.rs:1199:14
 0:15.63      |
 0:15.63 1199 |     fn adapt(&self) -> nsCStringAdapter {
 0:15.63      |              ^^^^^     ^^^^^^^^^^^^^^^^ the same lifetime is hidden here
 0:15.63      |              |
 0:15.63      |              the lifetime is elided here
 0:15.63      |
 0:15.63      = help: the same lifetime is referred to in inconsistent ways, making the signature confusing
 0:15.63 help: use `'_` for type paths
 0:15.63      |
 0:15.63 1199 |     fn adapt(&self) -> nsCStringAdapter<'_> {
 0:15.63      |                                        ++++
 0:15.63 warning: hiding a lifetime that's elided elsewhere is confusing
 0:15.63     --> xpcom\rust\nsstring\src\lib.rs:208:22
 0:15.63      |
 0:15.63  208 |               fn adapt(&self) -> $StringAdapter;
 0:15.63      |                        ^^^^^     ^^^^^^^^^^^^^^ the same lifetime is hidden here
 0:15.63      |                        |
 0:15.63      |                        the lifetime is elided here
 0:15.63 ...
 0:15.63 1210 | / string_like! {
 0:15.63 1211 | |     char_t = u8;
 0:15.63 1212 | |
 0:15.63 1213 | |     AString = nsACString;
 0:15.63 ...    |
 0:15.63 1218 | |     StringAdapter = nsCStringAdapter;
 0:15.63 1219 | | }
 0:15.63      | |_- in this macro invocation
 0:15.63      |
 0:15.63      = help: the same lifetime is referred to in inconsistent ways, making the signature confusing
 0:15.63      = note: this warning originates in the macro `string_like` (in Nightly builds, run with -Z macro-backtrace for more info)
 0:15.63 help: use `'_` for type paths
 0:15.63      |
 0:15.63  208 |             fn adapt(&self) -> $StringAdapter<'_>;
 0:15.63      |                                              ++++
 0:15.63 warning: hiding a lifetime that's elided elsewhere is confusing
 0:15.63     --> xpcom\rust\nsstring\src\lib.rs:212:22
 0:15.63      |
 0:15.63  212 |               fn adapt(&self) -> $StringAdapter {
 0:15.63      |                        ^^^^^     ^^^^^^^^^^^^^^ the same lifetime is hidden here
 0:15.63      |                        |
 0:15.63      |                        the lifetime is elided here
 0:15.63 ...
 0:15.63 1210 | / string_like! {
 0:15.63 1211 | |     char_t = u8;
 0:15.63 1212 | |
 0:15.63 1213 | |     AString = nsACString;
 0:15.63 ...    |
 0:15.63 1218 | |     StringAdapter = nsCStringAdapter;
 0:15.63 1219 | | }
 0:15.63      | |_- in this macro invocation
 0:15.63      |
 0:15.63      = help: the same lifetime is referred to in inconsistent ways, making the signature confusing
 0:15.63      = note: this warning originates in the macro `string_like` (in Nightly builds, run with -Z macro-backtrace for more info)
 0:15.63 help: use `'_` for type paths
 0:15.63      |
 0:15.63  212 |             fn adapt(&self) -> $StringAdapter<'_> {
 0:15.63      |                                              ++++
 0:15.63 warning: hiding a lifetime that's elided elsewhere is confusing
 0:15.63     --> xpcom\rust\nsstring\src\lib.rs:219:22
 0:15.63      |
 0:15.63  219 |               fn adapt(&self) -> $StringAdapter {
 0:15.63      |                        ^^^^^     ^^^^^^^^^^^^^^ the same lifetime is hidden here
 0:15.63      |                        |
 0:15.63      |                        the lifetime is elided here
 0:15.63 ...
 0:15.64 1210 | / string_like! {
 0:15.64 1211 | |     char_t = u8;
 0:15.64 1212 | |
 0:15.64 1213 | |     AString = nsACString;
 0:15.64 ...    |
 0:15.64 1218 | |     StringAdapter = nsCStringAdapter;
 0:15.64 1219 | | }
 0:15.64      | |_- in this macro invocation
 0:15.64      |
 0:15.64      = help: the same lifetime is referred to in inconsistent ways, making the signature confusing
 0:15.64      = note: this warning originates in the macro `string_like` (in Nightly builds, run with -Z macro-backtrace for more info)
 0:15.64 help: use `'_` for type paths
 0:15.64      |
 0:15.64  219 |             fn adapt(&self) -> $StringAdapter<'_> {
 0:15.64      |                                              ++++
 0:15.64 warning: hiding a lifetime that's elided elsewhere is confusing
 0:15.64     --> xpcom\rust\nsstring\src\lib.rs:225:22
 0:15.64      |
 0:15.64  225 |               fn adapt(&self) -> $StringAdapter {
 0:15.64      |                        ^^^^^     ^^^^^^^^^^^^^^ the same lifetime is hidden here
 0:15.64      |                        |
 0:15.64      |                        the lifetime is elided here
 0:15.64 ...
 0:15.64 1210 | / string_like! {
 0:15.64 1211 | |     char_t = u8;
 0:15.64 1212 | |
 0:15.64 1213 | |     AString = nsACString;
 0:15.64 ...    |
 0:15.64 1218 | |     StringAdapter = nsCStringAdapter;
 0:15.64 1219 | | }
 0:15.64      | |_- in this macro invocation
 0:15.64      |
 0:15.64      = help: the same lifetime is referred to in inconsistent ways, making the signature confusing
 0:15.64      = note: this warning originates in the macro `string_like` (in Nightly builds, run with -Z macro-backtrace for more info)
 0:15.64 help: use `'_` for type paths
 0:15.64      |
 0:15.64  225 |             fn adapt(&self) -> $StringAdapter<'_> {
 0:15.64      |                                              ++++
 0:15.64 warning: hiding a lifetime that's elided elsewhere is confusing
 0:15.64     --> xpcom\rust\nsstring\src\lib.rs:231:22
 0:15.64      |
 0:15.64  231 |               fn adapt(&self) -> $StringAdapter {
 0:15.64      |                        ^^^^^     ^^^^^^^^^^^^^^ the same lifetime is hidden here
 0:15.64      |                        |
 0:15.64      |                        the lifetime is elided here
 0:15.64 ...
 0:15.64 1210 | / string_like! {
 0:15.64 1211 | |     char_t = u8;
 0:15.64 1212 | |
 0:15.64 1213 | |     AString = nsACString;
 0:15.64 ...    |
 0:15.64 1218 | |     StringAdapter = nsCStringAdapter;
 0:15.64 1219 | | }
 0:15.64      | |_- in this macro invocation
 0:15.64      |
 0:15.64      = help: the same lifetime is referred to in inconsistent ways, making the signature confusing
 0:15.64      = note: this warning originates in the macro `string_like` (in Nightly builds, run with -Z macro-backtrace for more info)
 0:15.64 help: use `'_` for type paths
 0:15.64      |
 0:15.64  231 |             fn adapt(&self) -> $StringAdapter<'_> {
 0:15.64      |                                              ++++
 0:15.64 warning: hiding a lifetime that's elided elsewhere is confusing
 0:15.64     --> xpcom\rust\nsstring\src\lib.rs:237:22
 0:15.64      |
 0:15.64  237 |               fn adapt(&self) -> $StringAdapter {
 0:15.64      |                        ^^^^^     ^^^^^^^^^^^^^^ the same lifetime is hidden here
 0:15.64      |                        |
 0:15.64      |                        the lifetime is elided here
 0:15.64 ...
 0:15.64 1210 | / string_like! {
 0:15.64 1211 | |     char_t = u8;
 0:15.64 1212 | |
 0:15.64 1213 | |     AString = nsACString;
 0:15.64 ...    |
 0:15.64 1218 | |     StringAdapter = nsCStringAdapter;
 0:15.64 1219 | | }
 0:15.64      | |_- in this macro invocation
 0:15.64      |
 0:15.64      = help: the same lifetime is referred to in inconsistent ways, making the signature confusing
 0:15.64      = note: this warning originates in the macro `string_like` (in Nightly builds, run with -Z macro-backtrace for more info)
 0:15.64 help: use `'_` for type paths
 0:15.64      |
 0:15.64  237 |             fn adapt(&self) -> $StringAdapter<'_> {
 0:15.64      |                                              ++++
 0:15.64 warning: hiding a lifetime that's elided elsewhere is confusing
 0:15.64     --> xpcom\rust\nsstring\src\lib.rs:243:22
 0:15.64      |
 0:15.64  243 |               fn adapt(&self) -> $StringAdapter {
 0:15.64      |                        ^^^^^     ^^^^^^^^^^^^^^ the same lifetime is hidden here
 0:15.64      |                        |
 0:15.64      |                        the lifetime is elided here
 0:15.64 ...
 0:15.64 1210 | / string_like! {
 0:15.64 1211 | |     char_t = u8;
 0:15.64 1212 | |
 0:15.64 1213 | |     AString = nsACString;
 0:15.64 ...    |
 0:15.64 1218 | |     StringAdapter = nsCStringAdapter;
 0:15.64 1219 | | }
 0:15.64      | |_- in this macro invocation
 0:15.64      |
 0:15.64      = help: the same lifetime is referred to in inconsistent ways, making the signature confusing
 0:15.64      = note: this warning originates in the macro `string_like` (in Nightly builds, run with -Z macro-backtrace for more info)
 0:15.64 help: use `'_` for type paths
 0:15.64      |
 0:15.64  243 |             fn adapt(&self) -> $StringAdapter<'_> {
 0:15.64      |                                              ++++
 0:15.64 warning: hiding a lifetime that's elided elsewhere is confusing
 0:15.64     --> xpcom\rust\nsstring\src\lib.rs:249:22
 0:15.64      |
 0:15.64  249 |               fn adapt(&self) -> $StringAdapter {
 0:15.64      |                        ^^^^^     ^^^^^^^^^^^^^^ the same lifetime is hidden here
 0:15.64      |                        |
 0:15.64      |                        the lifetime is elided here
 0:15.64 ...
 0:15.64 1210 | / string_like! {
 0:15.64 1211 | |     char_t = u8;
 0:15.64 1212 | |
 0:15.64 1213 | |     AString = nsACString;
 0:15.64 ...    |
 0:15.64 1218 | |     StringAdapter = nsCStringAdapter;
 0:15.64 1219 | | }
 0:15.64      | |_- in this macro invocation
 0:15.64      |
 0:15.64      = help: the same lifetime is referred to in inconsistent ways, making the signature confusing
 0:15.64      = note: this warning originates in the macro `string_like` (in Nightly builds, run with -Z macro-backtrace for more info)
 0:15.64 help: use `'_` for type paths
 0:15.64      |
 0:15.64  249 |             fn adapt(&self) -> $StringAdapter<'_> {
 0:15.64      |                                              ++++
 0:15.64 warning: hiding a lifetime that's elided elsewhere is confusing
 0:15.64     --> xpcom\rust\nsstring\src\lib.rs:255:22
 0:15.64      |
 0:15.64  255 |               fn adapt(&self) -> $StringAdapter {
 0:15.64      |                        ^^^^^     ^^^^^^^^^^^^^^ the same lifetime is hidden here
 0:15.64      |                        |
 0:15.64      |                        the lifetime is elided here
 0:15.64 ...
 0:15.64 1210 | / string_like! {
 0:15.64 1211 | |     char_t = u8;
 0:15.64 1212 | |
 0:15.64 1213 | |     AString = nsACString;
 0:15.64 ...    |
 0:15.64 1218 | |     StringAdapter = nsCStringAdapter;
 0:15.64 1219 | | }
 0:15.64      | |_- in this macro invocation
 0:15.64      |
 0:15.64      = help: the same lifetime is referred to in inconsistent ways, making the signature confusing
 0:15.64      = note: this warning originates in the macro `string_like` (in Nightly builds, run with -Z macro-backtrace for more info)
 0:15.64 help: use `'_` for type paths
 0:15.64      |
 0:15.64  255 |             fn adapt(&self) -> $StringAdapter<'_> {
 0:15.64      |                                              ++++
 0:15.64 warning: hiding a lifetime that's elided elsewhere is confusing
 0:15.64     --> xpcom\rust\nsstring\src\lib.rs:644:38
 0:15.64      |
 0:15.64  644 |               pub unsafe fn bulk_write(&mut self,
 0:15.64      |                                        ^^^^^^^^^ the lifetime is elided here
 0:15.64 ...
 0:15.64  647 |                                        allow_shrinking: bool) -> Result<$BulkWriteHandle, ()> {
 0:15.64      |                                                                         ^^^^^^^^^^^^^^^^ the same lifetime is hidden here
 0:15.64 ...
 0:15.64 1225 | / define_string_types! {
 0:15.64 1226 | |     char_t = u16;
 0:15.64 1227 | |
 0:15.64 1228 | |     AString = nsAString;
 0:15.64 ...    |
 0:15.64 1246 | |     start_bulk_write = Gecko_StartBulkWriteString;
 0:15.64 1247 | | }
 0:15.64      | |_- in this macro invocation
 0:15.64      |
 0:15.64      = help: the same lifetime is referred to in inconsistent ways, making the signature confusing
 0:15.64      = note: this warning originates in the macro `define_string_types` (in Nightly builds, run with -Z macro-backtrace for more info)
 0:15.64 help: use `'_` for type paths
 0:15.64      |
 0:15.64  647 |                                      allow_shrinking: bool) -> Result<$BulkWriteHandle<'_>, ()> {
 0:15.64      |                                                                                       ++++
 0:15.64 warning: hiding a lifetime that's elided elsewhere is confusing
 0:15.64     --> xpcom\rust\nsstring\src\lib.rs:208:22
 0:15.64      |
 0:15.64  208 |               fn adapt(&self) -> $StringAdapter;
 0:15.64      |                        ^^^^^     ^^^^^^^^^^^^^^ the same lifetime is hidden here
 0:15.64      |                        |
 0:15.64      |                        the lifetime is elided here
 0:15.64 ...
 0:15.64 1225 | / define_string_types! {
 0:15.64 1226 | |     char_t = u16;
 0:15.64 1227 | |
 0:15.64 1228 | |     AString = nsAString;
 0:15.64 ...    |
 0:15.64 1246 | |     start_bulk_write = Gecko_StartBulkWriteString;
 0:15.64 1247 | | }
 0:15.64      | |_- in this macro invocation
 0:15.64      |
 0:15.64      = help: the same lifetime is referred to in inconsistent ways, making the signature confusing
 0:15.64      = note: this warning originates in the macro `string_like` which comes from the expansion of the macro `define_string_types` (in Nightly builds, run with -Z macro-backtrace for more info)
 0:15.64 help: use `'_` for type paths
 0:15.64      |
 0:15.64  208 |             fn adapt(&self) -> $StringAdapter<'_>;
 0:15.64      |                                              ++++
 0:15.64 warning: hiding a lifetime that's elided elsewhere is confusing
 0:15.64     --> xpcom\rust\nsstring\src\lib.rs:212:22
 0:15.64      |
 0:15.64  212 |               fn adapt(&self) -> $StringAdapter {
 0:15.64      |                        ^^^^^     ^^^^^^^^^^^^^^ the same lifetime is hidden here
 0:15.64      |                        |
 0:15.64      |                        the lifetime is elided here
 0:15.64 ...
 0:15.64 1225 | / define_string_types! {
 0:15.64 1226 | |     char_t = u16;
 0:15.64 1227 | |
 0:15.64 1228 | |     AString = nsAString;
 0:15.64 ...    |
 0:15.64 1246 | |     start_bulk_write = Gecko_StartBulkWriteString;
 0:15.64 1247 | | }
 0:15.64      | |_- in this macro invocation
 0:15.64      |
 0:15.64      = help: the same lifetime is referred to in inconsistent ways, making the signature confusing
 0:15.64      = note: this warning originates in the macro `string_like` which comes from the expansion of the macro `define_string_types` (in Nightly builds, run with -Z macro-backtrace for more info)
 0:15.64 help: use `'_` for type paths
 0:15.64      |
 0:15.64  212 |             fn adapt(&self) -> $StringAdapter<'_> {
 0:15.64      |                                              ++++
 0:15.64 warning: hiding a lifetime that's elided elsewhere is confusing
 0:15.64     --> xpcom\rust\nsstring\src\lib.rs:219:22
 0:15.64      |
 0:15.64  219 |               fn adapt(&self) -> $StringAdapter {
 0:15.65      |                        ^^^^^     ^^^^^^^^^^^^^^ the same lifetime is hidden here
 0:15.65      |                        |
 0:15.65      |                        the lifetime is elided here
 0:15.65 ...
 0:15.65 1225 | / define_string_types! {
 0:15.65 1226 | |     char_t = u16;
 0:15.65 1227 | |
 0:15.65 1228 | |     AString = nsAString;
 0:15.65 ...    |
 0:15.65 1246 | |     start_bulk_write = Gecko_StartBulkWriteString;
 0:15.65 1247 | | }
 0:15.65      | |_- in this macro invocation
 0:15.65      |
 0:15.65      = help: the same lifetime is referred to in inconsistent ways, making the signature confusing
 0:15.65      = note: this warning originates in the macro `string_like` which comes from the expansion of the macro `define_string_types` (in Nightly builds, run with -Z macro-backtrace for more info)
 0:15.65 help: use `'_` for type paths
 0:15.65      |
 0:15.65  219 |             fn adapt(&self) -> $StringAdapter<'_> {
 0:15.65      |                                              ++++
 0:15.65 warning: hiding a lifetime that's elided elsewhere is confusing
 0:15.65     --> xpcom\rust\nsstring\src\lib.rs:225:22
 0:15.65      |
 0:15.65  225 |               fn adapt(&self) -> $StringAdapter {
 0:15.65      |                        ^^^^^     ^^^^^^^^^^^^^^ the same lifetime is hidden here
 0:15.65      |                        |
 0:15.65      |                        the lifetime is elided here
 0:15.65 ...
 0:15.65 1225 | / define_string_types! {
 0:15.65 1226 | |     char_t = u16;
 0:15.65 1227 | |
 0:15.65 1228 | |     AString = nsAString;
 0:15.65 ...    |
 0:15.65 1246 | |     start_bulk_write = Gecko_StartBulkWriteString;
 0:15.65 1247 | | }
 0:15.65      | |_- in this macro invocation
 0:15.65      |
 0:15.65      = help: the same lifetime is referred to in inconsistent ways, making the signature confusing
 0:15.65      = note: this warning originates in the macro `string_like` which comes from the expansion of the macro `define_string_types` (in Nightly builds, run with -Z macro-backtrace for more info)
 0:15.65 help: use `'_` for type paths
 0:15.65      |
 0:15.65  225 |             fn adapt(&self) -> $StringAdapter<'_> {
 0:15.65      |                                              ++++
 0:15.65 warning: hiding a lifetime that's elided elsewhere is confusing
 0:15.65     --> xpcom\rust\nsstring\src\lib.rs:231:22
 0:15.65      |
 0:15.65  231 |               fn adapt(&self) -> $StringAdapter {
 0:15.65      |                        ^^^^^     ^^^^^^^^^^^^^^ the same lifetime is hidden here
 0:15.65      |                        |
 0:15.65      |                        the lifetime is elided here
 0:15.65 ...
 0:15.65 1225 | / define_string_types! {
 0:15.65 1226 | |     char_t = u16;
 0:15.65 1227 | |
 0:15.65 1228 | |     AString = nsAString;
 0:15.65 ...    |
 0:15.65 1246 | |     start_bulk_write = Gecko_StartBulkWriteString;
 0:15.65 1247 | | }
 0:15.65      | |_- in this macro invocation
 0:15.65      |
 0:15.65      = help: the same lifetime is referred to in inconsistent ways, making the signature confusing
 0:15.65      = note: this warning originates in the macro `string_like` which comes from the expansion of the macro `define_string_types` (in Nightly builds, run with -Z macro-backtrace for more info)
 0:15.65 help: use `'_` for type paths
 0:15.65      |
 0:15.65  231 |             fn adapt(&self) -> $StringAdapter<'_> {
 0:15.65      |                                              ++++
 0:15.65 warning: hiding a lifetime that's elided elsewhere is confusing
 0:15.65     --> xpcom\rust\nsstring\src\lib.rs:237:22
 0:15.65      |
 0:15.65  237 |               fn adapt(&self) -> $StringAdapter {
 0:15.65      |                        ^^^^^     ^^^^^^^^^^^^^^ the same lifetime is hidden here
 0:15.65      |                        |
 0:15.65      |                        the lifetime is elided here
 0:15.65 ...
 0:15.65 1225 | / define_string_types! {
 0:15.65 1226 | |     char_t = u16;
 0:15.65 1227 | |
 0:15.65 1228 | |     AString = nsAString;
 0:15.65 ...    |
 0:15.65 1246 | |     start_bulk_write = Gecko_StartBulkWriteString;
 0:15.65 1247 | | }
 0:15.65      | |_- in this macro invocation
 0:15.65      |
 0:15.65      = help: the same lifetime is referred to in inconsistent ways, making the signature confusing
 0:15.65      = note: this warning originates in the macro `string_like` which comes from the expansion of the macro `define_string_types` (in Nightly builds, run with -Z macro-backtrace for more info)
 0:15.65 help: use `'_` for type paths
 0:15.65      |
 0:15.65  237 |             fn adapt(&self) -> $StringAdapter<'_> {
 0:15.65      |                                              ++++
 0:15.65 warning: hiding a lifetime that's elided elsewhere is confusing
 0:15.65     --> xpcom\rust\nsstring\src\lib.rs:243:22
 0:15.65      |
 0:15.65  243 |               fn adapt(&self) -> $StringAdapter {
 0:15.65      |                        ^^^^^     ^^^^^^^^^^^^^^ the same lifetime is hidden here
 0:15.65      |                        |
 0:15.65      |                        the lifetime is elided here
 0:15.65 ...
 0:15.65 1225 | / define_string_types! {
 0:15.65 1226 | |     char_t = u16;
 0:15.65 1227 | |
 0:15.65 1228 | |     AString = nsAString;
 0:15.65 ...    |
 0:15.65 1246 | |     start_bulk_write = Gecko_StartBulkWriteString;
 0:15.65 1247 | | }
 0:15.65      | |_- in this macro invocation
 0:15.65      |
 0:15.65      = help: the same lifetime is referred to in inconsistent ways, making the signature confusing
 0:15.65      = note: this warning originates in the macro `string_like` which comes from the expansion of the macro `define_string_types` (in Nightly builds, run with -Z macro-backtrace for more info)
 0:15.65 help: use `'_` for type paths
 0:15.65      |
 0:15.65  243 |             fn adapt(&self) -> $StringAdapter<'_> {
 0:15.65      |                                              ++++
 0:15.65 warning: hiding a lifetime that's elided elsewhere is confusing
 0:15.65     --> xpcom\rust\nsstring\src\lib.rs:249:22
 0:15.65      |
 0:15.65  249 |               fn adapt(&self) -> $StringAdapter {
 0:15.65      |                        ^^^^^     ^^^^^^^^^^^^^^ the same lifetime is hidden here
 0:15.65      |                        |
 0:15.65      |                        the lifetime is elided here
 0:15.65 ...
 0:15.65 1225 | / define_string_types! {
 0:15.65 1226 | |     char_t = u16;
 0:15.65 1227 | |
 0:15.65 1228 | |     AString = nsAString;
 0:15.65 ...    |
 0:15.65 1246 | |     start_bulk_write = Gecko_StartBulkWriteString;
 0:15.65 1247 | | }
 0:15.65      | |_- in this macro invocation
 0:15.65      |
 0:15.65      = help: the same lifetime is referred to in inconsistent ways, making the signature confusing
 0:15.65      = note: this warning originates in the macro `string_like` which comes from the expansion of the macro `define_string_types` (in Nightly builds, run with -Z macro-backtrace for more info)
 0:15.65 help: use `'_` for type paths
 0:15.65      |
 0:15.65  249 |             fn adapt(&self) -> $StringAdapter<'_> {
 0:15.65      |                                              ++++
 0:15.65 warning: hiding a lifetime that's elided elsewhere is confusing
 0:15.65     --> xpcom\rust\nsstring\src\lib.rs:255:22
 0:15.65      |
 0:15.65  255 |               fn adapt(&self) -> $StringAdapter {
 0:15.65      |                        ^^^^^     ^^^^^^^^^^^^^^ the same lifetime is hidden here
 0:15.65      |                        |
 0:15.65      |                        the lifetime is elided here
 0:15.65 ...
 0:15.65 1225 | / define_string_types! {
 0:15.65 1226 | |     char_t = u16;
 0:15.65 1227 | |
 0:15.65 1228 | |     AString = nsAString;
 0:15.65 ...    |
 0:15.65 1246 | |     start_bulk_write = Gecko_StartBulkWriteString;
 0:15.65 1247 | | }
 0:15.65      | |_- in this macro invocation
 0:15.65      |
 0:15.65      = help: the same lifetime is referred to in inconsistent ways, making the signature confusing
 0:15.65      = note: this warning originates in the macro `string_like` which comes from the expansion of the macro `define_string_types` (in Nightly builds, run with -Z macro-backtrace for more info)
 0:15.65 help: use `'_` for type paths
 0:15.65      |
 0:15.65  255 |             fn adapt(&self) -> $StringAdapter<'_> {
 0:15.65      |                                              ++++
 0:15.65 warning: `nsstring` (lib) generated 33 warnings (run `cargo fix --lib -p nsstring` to apply 33 suggestions)
 0:15.65 warning: hiding a lifetime that's elided elsewhere is confusing
 0:15.65    --> third_party\rust\bindgen\lib.rs:968:21
 0:15.65     |
 0:15.65 968 |     fn rustfmt_path(&self) -> io::Result<Cow<PathBuf>> {
 0:15.65     |                     ^^^^^                ^^^^^^^^^^^^ the same lifetime is hidden here
 0:15.65     |                     |
 0:15.65     |                     the lifetime is elided here
 0:15.65     |
 0:15.65     = help: the same lifetime is referred to in inconsistent ways, making the signature confusing
 0:15.65     = note: `#[warn(mismatched_lifetime_syntaxes)]` on by default
 0:15.65 help: use `'_` for type paths
 0:15.65     |
 0:15.65 968 |     fn rustfmt_path(&self) -> io::Result<Cow<'_, PathBuf>> {
 0:15.65     |                                              +++
 0:15.65 warning: hiding a lifetime that's elided elsewhere is confusing
 0:15.65    --> third_party\rust\bindgen\clang.rs:946:26
 0:15.65     |
 0:15.65 946 |     pub(crate) fn tokens(&self) -> RawTokens {
 0:15.65     |                          ^^^^^     ^^^^^^^^^ the same lifetime is hidden here
 0:15.65     |                          |
 0:15.65     |                          the lifetime is elided here
 0:15.65     |
 0:15.65     = help: the same lifetime is referred to in inconsistent ways, making the signature confusing
 0:15.65 help: use `'_` for type paths
 0:15.65     |
 0:15.65 946 |     pub(crate) fn tokens(&self) -> RawTokens<'_> {
 0:15.65     |                                             ++++
 0:15.65 warning: hiding a lifetime that's elided elsewhere is confusing
 0:15.65     --> third_party\rust\bindgen\clang.rs:1004:24
 0:15.65      |
 0:15.65 1004 |     pub(crate) fn iter(&self) -> ClangTokenIterator {
 0:15.65      |                        ^^^^^     ^^^^^^^^^^^^^^^^^^ the same lifetime is hidden here
 0:15.65      |                        |
 0:15.65      |                        the lifetime is elided here
 0:15.65      |
 0:15.65      = help: the same lifetime is referred to in inconsistent ways, making the signature confusing
 0:15.65 help: use `'_` for type paths
 0:15.65      |
 0:15.66 1004 |     pub(crate) fn iter(&self) -> ClangTokenIterator<'_> {
 0:15.66      |                                                    ++++
 0:15.66 warning: hiding a lifetime that's elided elsewhere is confusing
 0:15.66     --> third_party\rust\bindgen\ir\context.rs:1243:9
 0:15.66      |
 0:15.66 1243 |         &self,
 0:15.66      |         ^^^^^ the lifetime is elided here
 0:15.66 1244 |     ) -> traversal::AssertNoDanglingItemsTraversal {
 0:15.66      |          ^^^^^^^^^^^^^^^^^^^^^^^^^^^^^^^^^^^^^^^^^ the same lifetime is hidden here
 0:15.66      |
 0:15.66      = help: the same lifetime is referred to in inconsistent ways, making the signature confusing
 0:15.66 help: use `'_` for type paths
 0:15.66      |
 0:15.66 1244 |     ) -> traversal::AssertNoDanglingItemsTraversal<'_> {
 0:15.66      |                                                   ++++
 0:15.66 warning: hiding a lifetime that's elided elsewhere is confusing
 0:15.66    --> third_party\rust\bindgen\ir\ty.rs:246:28
 0:15.66     |
 0:15.66 246 |     fn sanitize_name(name: &str) -> Cow<str> {
 0:15.66     |                            ^^^^     ^^^^^^^^ the same lifetime is hidden here
 0:15.66     |                            |
 0:15.66     |                            the lifetime is elided here
 0:15.66     |
 0:15.66     = help: the same lifetime is referred to in inconsistent ways, making the signature confusing
 0:15.66 help: use `'_` for type paths
 0:15.66     |
 0:15.66 246 |     fn sanitize_name(name: &str) -> Cow<'_, str> {
 0:15.66     |                                         +++
 0:15.66 warning: `bindgen` (lib) generated 5 warnings (run `cargo fix --lib -p bindgen` to apply 5 suggestions)
 0:15.66 warning: hiding a lifetime that's elided elsewhere is confusing
 0:15.66   --> tools\profiler\rust-api\src\label.rs:29:16
 0:15.66    |
 0:15.66 29 |         label: &mut std::mem::MaybeUninit<mozilla::AutoProfilerLabel>,
 0:15.66    |                ^^^^^^^^^^^^^^^^^^^^^^^^^^^^^^^^^^^^^^^^^^^^^^^^^^^^^^ the lifetime is elided here
 0:15.66 30 |         category_pair: ProfilingCategoryPair,
 0:15.66 31 |     ) -> AutoProfilerLabel {
 0:15.66    |          ^^^^^^^^^^^^^^^^^ the same lifetime is hidden here
 0:15.66    |
 0:15.66    = help: the same lifetime is referred to in inconsistent ways, making the signature confusing
 0:15.66    = note: `#[warn(mismatched_lifetime_syntaxes)]` on by default
 0:15.66 help: use `'_` for type paths
 0:15.66    |
 0:15.66 31 |     ) -> AutoProfilerLabel<'_> {
 0:15.66    |                           ++++
 0:15.66 warning: `gecko-profiler` (lib) generated 1 warning (run `cargo fix --lib -p gecko-profiler` to apply 1 suggestion)
 0:15.67 warning: hiding a lifetime that's elided elsewhere is confusing
 0:15.67     --> servo\components\servo_arc\lib.rs:1063:19
 0:15.67      |
 0:15.67 1063 |     pub fn borrow(&self) -> ArcUnionBorrow<A, B> {
 0:15.67      |                   ^^^^^     ^^^^^^^^^^^^^^^^^^^^ the same lifetime is hidden here
 0:15.67      |                   |
 0:15.67      |                   the lifetime is elided here
 0:15.67      |
 0:15.67      = help: the same lifetime is referred to in inconsistent ways, making the signature confusing
 0:15.67      = note: `#[warn(mismatched_lifetime_syntaxes)]` on by default
 0:15.67 help: use `'_` for type paths
 0:15.67      |
 0:15.67 1063 |     pub fn borrow(&self) -> ArcUnionBorrow<'_, A, B> {
 0:15.67      |                                            +++
 0:15.67 warning: hiding a lifetime that's elided elsewhere is confusing
 0:15.67     --> servo\components\servo_arc\lib.rs:1100:21
 0:15.67      |
 0:15.67 1100 |     pub fn as_first(&self) -> Option<ArcBorrow<A>> {
 0:15.67      |                     ^^^^^            ^^^^^^^^^^^^ the same lifetime is hidden here
 0:15.67      |                     |
 0:15.67      |                     the lifetime is elided here
 0:15.67      |
 0:15.67      = help: the same lifetime is referred to in inconsistent ways, making the signature confusing
 0:15.67 help: use `'_` for type paths
 0:15.67      |
 0:15.67 1100 |     pub fn as_first(&self) -> Option<ArcBorrow<'_, A>> {
 0:15.67      |                                                +++
 0:15.67 warning: hiding a lifetime that's elided elsewhere is confusing
 0:15.67     --> servo\components\servo_arc\lib.rs:1108:22
 0:15.67      |
 0:15.67 1108 |     pub fn as_second(&self) -> Option<ArcBorrow<B>> {
 0:15.67      |                      ^^^^^            ^^^^^^^^^^^^ the same lifetime is hidden here
 0:15.67      |                      |
 0:15.67      |                      the lifetime is elided here
 0:15.67      |
 0:15.67      = help: the same lifetime is referred to in inconsistent ways, making the signature confusing
 0:15.67 help: use `'_` for type paths
 0:15.67      |
 0:15.67 1108 |     pub fn as_second(&self) -> Option<ArcBorrow<'_, B>> {
 0:15.68      |                                                 +++
 0:15.68 warning: `servo_arc` (lib) generated 3 warnings (run `cargo fix --lib -p servo_arc` to apply 3 suggestions)
 0:15.68 mfbt/tests/TestCasting.exe
 0:15.68 warning: hiding a lifetime that's elided elsewhere is confusing
 0:15.68   --> servo\components\selectors\parser.rs:92:26
 0:15.68    |
 0:15.68 92 | fn to_ascii_lowercase(s: &str) -> Cow<str> {
 0:15.68    |                          ^^^^     ^^^^^^^^ the same lifetime is hidden here
 0:15.68    |                          |
 0:15.68    |                          the lifetime is elided here
 0:15.68    |
 0:15.68    = help: the same lifetime is referred to in inconsistent ways, making the signature confusing
 0:15.68    = note: `#[warn(mismatched_lifetime_syntaxes)]` on by default
 0:15.68 help: use `'_` for type paths
 0:15.68    |
 0:15.68 92 | fn to_ascii_lowercase(s: &str) -> Cow<'_, str> {
 0:15.68    |                                       +++
 0:15.68 warning: hiding a lifetime that's elided elsewhere is confusing
 0:15.68    --> servo\components\selectors\parser.rs:981:17
 0:15.68     |
 0:15.68 981 |     pub fn iter(&self) -> SelectorIter<Impl> {
 0:15.68     |                 ^^^^^     ^^^^^^^^^^^^^^^^^^ the same lifetime is hidden here
 0:15.68     |                 |
 0:15.68     |                 the lifetime is elided here
 0:15.68     |
 0:15.68     = help: the same lifetime is referred to in inconsistent ways, making the signature confusing
 0:15.68 help: use `'_` for type paths
 0:15.68     |
 0:15.68 981 |     pub fn iter(&self) -> SelectorIter<'_, Impl> {
 0:15.68     |                                        +++
 0:15.68 warning: hiding a lifetime that's elided elsewhere is confusing
 0:15.68    --> servo\components\selectors\parser.rs:990:47
 0:15.68     |
 0:15.68 990 |     pub fn iter_skip_relative_selector_anchor(&self) -> SelectorIter<Impl> {
 0:15.68     |                                               ^^^^^     ^^^^^^^^^^^^^^^^^^ the same lifetime is hidden here
 0:15.68     |                                               |
 0:15.68     |                                               the lifetime is elided here
 0:15.68     |
 0:15.68     = help: the same lifetime is referred to in inconsistent ways, making the signature confusing
 0:15.68 help: use `'_` for type paths
 0:15.68     |
 0:15.68 990 |     pub fn iter_skip_relative_selector_anchor(&self) -> SelectorIter<'_, Impl> {
 0:15.68     |                                                                      +++
 0:15.68 warning: hiding a lifetime that's elided elsewhere is confusing
 0:15.68     --> servo\components\selectors\parser.rs:1015:22
 0:15.68      |
 0:15.68 1015 |     pub fn iter_from(&self, offset: usize) -> SelectorIter<Impl> {
 0:15.68      |                      ^^^^^                    ^^^^^^^^^^^^^^^^^^ the same lifetime is hidden here
 0:15.68      |                      |
 0:15.68      |                      the lifetime is elided here
 0:15.68      |
 0:15.68      = help: the same lifetime is referred to in inconsistent ways, making the signature confusing
 0:15.68 help: use `'_` for type paths
 0:15.68      |
 0:15.68 1015 |     pub fn iter_from(&self, offset: usize) -> SelectorIter<'_, Impl> {
 0:15.68      |                                                            +++
 0:15.68 warning: hiding a lifetime that's elided elsewhere is confusing
 0:15.68     --> servo\components\selectors\parser.rs:1039:33
 0:15.68      |
 0:15.68 1039 |     pub fn iter_raw_match_order(&self) -> slice::Iter<Component<Impl>> {
 0:15.68      |                                 ^^^^^     ^^^^^^^^^^^^^^^^^^^^^^^^^^^^ the same lifetime is hidden here
 0:15.68      |                                 |
 0:15.68      |                                 the lifetime is elided here
 0:15.68      |
 0:15.68      = help: the same lifetime is referred to in inconsistent ways, making the signature confusing
 0:15.68 help: use `'_` for type paths
 0:15.68      |
 0:15.68 1039 |     pub fn iter_raw_match_order(&self) -> slice::Iter<'_, Component<Impl>> {
 0:15.68      |                                                       +++
 0:15.68 warning: hiding a lifetime that's elided elsewhere is confusing
 0:15.68     --> servo\components\selectors\parser.rs:1060:38
 0:15.68      |
 0:15.68 1060 |     pub fn iter_raw_parse_order_from(&self, offset: usize) -> Rev<slice::Iter<Component<Impl>>> {
 0:15.68      |                                      ^^^^^                        ^^^^^^^^^^^^^^^^^^^^^^^^^^^^ the same lifetime is hidden here
 0:15.68      |                                      |
 0:15.68      |                                      the lifetime is elided here
 0:15.68      |
 0:15.68      = help: the same lifetime is referred to in inconsistent ways, making the signature confusing
 0:15.68 help: use `'_` for type paths
 0:15.68      |
 0:15.68 1060 |     pub fn iter_raw_parse_order_from(&self, offset: usize) -> Rev<slice::Iter<'_, Component<Impl>>> {
 0:15.68      |                                                                               +++
 0:15.68 warning: `selectors` (lib) generated 6 warnings (run `cargo fix --lib -p selectors` to apply 6 suggestions)
 0:15.68 warning: hiding a lifetime that's elided elsewhere is confusing
 0:15.68     --> gfx\wr\glsl-to-cxx\src\hir.rs:1015:16
 0:15.68      |
 0:15.68 1015 |     pub fn sym(&self, sym: SymRef) -> Ref<Symbol> {
 0:15.68      |                ^^^^^                  ^^^^^^^^^^^ the same lifetime is hidden here
 0:15.68      |                |
 0:15.68      |                the lifetime is elided here
 0:15.68      |
 0:15.68      = help: the same lifetime is referred to in inconsistent ways, making the signature confusing
 0:15.68      = note: `#[warn(mismatched_lifetime_syntaxes)]` on by default
 0:15.68 help: use `'_` for type paths
 0:15.68      |
 0:15.68 1015 |     pub fn sym(&self, sym: SymRef) -> Ref<'_, Symbol> {
 0:15.68      |                                           +++
 0:15.68 warning: `glsl-to-cxx` (lib) generated 1 warning (run `cargo fix --lib -p glsl-to-cxx` to apply 1 suggestion)
 0:15.69 warning: unexpected `cfg` condition value: `phf`
 0:15.69  --> third_party\rust\mime_guess\build.rs:1:7
 0:15.70   |
 0:15.70 1 | #[cfg(feature = "phf")]
 0:15.70   |       ^^^^^^^^^^^^^^^
 0:15.70   |
 0:15.70   = note: expected values for `feature` are: `default` and `rev-mappings`
 0:15.70   = help: consider adding `phf` as a feature in `Cargo.toml`
 0:15.70   = note: see <https://doc.rust-lang.org/nightly/rustc/check-cfg/cargo-specifics.html> for more information about checking conditional configuration
 0:15.70   = note: `#[warn(unexpected_cfgs)]` on by default
 0:15.70 warning: unexpected `cfg` condition value: `phf`
 0:15.70   --> third_party\rust\mime_guess\build.rs:20:7
 0:15.70    |
 0:15.70 20 | #[cfg(feature = "phf")]
 0:15.70    |       ^^^^^^^^^^^^^^^
 0:15.70    |
 0:15.70    = note: expected values for `feature` are: `default` and `rev-mappings`
 0:15.70    = help: consider adding `phf` as a feature in `Cargo.toml`
 0:15.70    = note: see <https://doc.rust-lang.org/nightly/rustc/check-cfg/cargo-specifics.html> for more information about checking conditional configuration
 0:15.70 warning: unexpected `cfg` condition value: `phf`
 0:15.70   --> third_party\rust\mime_guess\build.rs:36:7
 0:15.70    |
 0:15.70 36 | #[cfg(feature = "phf")]
 0:15.70    |       ^^^^^^^^^^^^^^^
 0:15.70    |
 0:15.70    = note: expected values for `feature` are: `default` and `rev-mappings`
 0:15.70    = help: consider adding `phf` as a feature in `Cargo.toml`
 0:15.70    = note: see <https://doc.rust-lang.org/nightly/rustc/check-cfg/cargo-specifics.html> for more information about checking conditional configuration
 0:15.70 warning: unexpected `cfg` condition value: `phf`
 0:15.70   --> third_party\rust\mime_guess\build.rs:73:11
 0:15.70    |
 0:15.70 73 | #[cfg(all(feature = "phf", feature = "rev-mappings"))]
 0:15.70    |           ^^^^^^^^^^^^^^^
 0:15.70    |
 0:15.70    = note: expected values for `feature` are: `default` and `rev-mappings`
 0:15.70    = help: consider adding `phf` as a feature in `Cargo.toml`
 0:15.70    = note: see <https://doc.rust-lang.org/nightly/rustc/check-cfg/cargo-specifics.html> for more information about checking conditional configuration
 0:15.70 warning: unexpected `cfg` condition value: `phf`
 0:15.70    --> third_party\rust\mime_guess\build.rs:118:15
 0:15.70     |
 0:15.70 118 | #[cfg(all(not(feature = "phf"), feature = "rev-mappings"))]
 0:15.70     |               ^^^^^^^^^^^^^^^
 0:15.70     |
 0:15.70     = note: expected values for `feature` are: `default` and `rev-mappings`
 0:15.70     = help: consider adding `phf` as a feature in `Cargo.toml`
 0:15.70     = note: see <https://doc.rust-lang.org/nightly/rustc/check-cfg/cargo-specifics.html> for more information about checking conditional configuration
 0:15.70 warning: unexpected `cfg` condition value: `phf`
 0:15.70   --> third_party\rust\mime_guess\build.rs:28:11
 0:15.70    |
 0:15.70 28 |     #[cfg(feature = "phf")]
 0:15.70    |           ^^^^^^^^^^^^^^^
 0:15.70    |
 0:15.70    = note: expected values for `feature` are: `default` and `rev-mappings`
 0:15.70    = help: consider adding `phf` as a feature in `Cargo.toml`
 0:15.70    = note: see <https://doc.rust-lang.org/nightly/rustc/check-cfg/cargo-specifics.html> for more information about checking conditional configuration
 0:15.70 warning: `mime_guess` (build script) generated 6 warnings
 0:15.70 warning: hiding a lifetime that's elided elsewhere is confusing
 0:15.70   --> gfx\wr\webrender_api\src\display_item_cache.rs:20:34
 0:15.70    |
 0:15.70 20 |     pub fn data_as_item_range<T>(&self) -> ItemRange<T> {
 0:15.70    |                                  ^^^^^     ^^^^^^^^^^^^ the same lifetime is hidden here
 0:15.70    |                                  |
 0:15.70    |                                  the lifetime is elided here
 0:15.70    |
 0:15.70    = help: the same lifetime is referred to in inconsistent ways, making the signature confusing
 0:15.70    = note: `#[warn(mismatched_lifetime_syntaxes)]` on by default
 0:15.70 help: use `'_` for type paths
 0:15.70    |
 0:15.70 20 |     pub fn data_as_item_range<T>(&self) -> ItemRange<'_, T> {
 0:15.70    |                                                      +++
 0:15.70 warning: hiding a lifetime that's elided elsewhere is confusing
 0:15.70    --> gfx\wr\webrender_api\src\display_list.rs:233:17
 0:15.70     |
 0:15.70 233 |     pub fn iter(&self) -> BuiltDisplayListIter {
 0:15.70     |                 ^^^^^     ^^^^^^^^^^^^^^^^^^^^ the same lifetime is hidden here
 0:15.70     |                 |
 0:15.70     |                 the lifetime is elided here
 0:15.70     |
 0:15.70     = help: the same lifetime is referred to in inconsistent ways, making the signature confusing
 0:15.70 help: use `'_` for type paths
 0:15.70     |
 0:15.70 233 |     pub fn iter(&self) -> BuiltDisplayListIter<'_> {
 0:15.70     |                                               ++++
 0:15.70 warning: hiding a lifetime that's elided elsewhere is confusing
 0:15.70    --> gfx\wr\webrender_api\src\display_list.rs:511:29
 0:15.70     |
 0:15.70 511 |     pub fn clip_chain_items(&self) -> ItemRange<di::ClipId> {
 0:15.70     |                             ^^^^^     ^^^^^^^^^^^^^^^^^^^^^ the same lifetime is hidden here
 0:15.70     |                             |
 0:15.70     |                             the lifetime is elided here
 0:15.70     |
 0:15.70     = help: the same lifetime is referred to in inconsistent ways, making the signature confusing
 0:15.70 help: use `'_` for type paths
 0:15.70     |
 0:15.70 511 |     pub fn clip_chain_items(&self) -> ItemRange<'_, di::ClipId> {
 0:15.70     |                                                 +++
 0:15.70 warning: hiding a lifetime that's elided elsewhere is confusing
 0:15.70    --> gfx\wr\webrender_api\src\display_list.rs:515:19
 0:15.70     |
 0:15.70 515 |     pub fn points(&self) -> ItemRange<LayoutPoint> {
 0:15.70     |                   ^^^^^     ^^^^^^^^^^^^^^^^^^^^^^ the same lifetime is hidden here
 0:15.70     |                   |
 0:15.70     |                   the lifetime is elided here
 0:15.70     |
 0:15.70     = help: the same lifetime is referred to in inconsistent ways, making the signature confusing
 0:15.70 help: use `'_` for type paths
 0:15.70     |
 0:15.70 515 |     pub fn points(&self) -> ItemRange<'_, LayoutPoint> {
 0:15.70     |                                       +++
 0:15.70 warning: hiding a lifetime that's elided elsewhere is confusing
 0:15.70    --> gfx\wr\webrender_api\src\display_list.rs:519:19
 0:15.70     |
 0:15.70 519 |     pub fn glyphs(&self) -> ItemRange<GlyphInstance> {
 0:15.70     |                   ^^^^^     ^^^^^^^^^^^^^^^^^^^^^^^^ the same lifetime is hidden here
 0:15.70     |                   |
 0:15.70     |                   the lifetime is elided here
 0:15.70     |
 0:15.70     = help: the same lifetime is referred to in inconsistent ways, making the signature confusing
 0:15.70 help: use `'_` for type paths
 0:15.70     |
 0:15.70 519 |     pub fn glyphs(&self) -> ItemRange<'_, GlyphInstance> {
 0:15.70     |                                       +++
 0:15.70 warning: hiding a lifetime that's elided elsewhere is confusing
 0:15.70    --> gfx\wr\webrender_api\src\display_list.rs:523:27
 0:15.70     |
 0:15.70 523 |     pub fn gradient_stops(&self) -> ItemRange<di::GradientStop> {
 0:15.70     |                           ^^^^^     ^^^^^^^^^^^^^^^^^^^^^^^^^^^ the same lifetime is hidden here
 0:15.70     |                           |
 0:15.70     |                           the lifetime is elided here
 0:15.70     |
 0:15.70     = help: the same lifetime is referred to in inconsistent ways, making the signature confusing
 0:15.70 help: use `'_` for type paths
 0:15.70     |
 0:15.70 523 |     pub fn gradient_stops(&self) -> ItemRange<'_, di::GradientStop> {
 0:15.70     |                                               +++
 0:15.70 warning: hiding a lifetime that's elided elsewhere is confusing
 0:15.70    --> gfx\wr\webrender_api\src\display_list.rs:527:20
 0:15.70     |
 0:15.70 527 |     pub fn filters(&self) -> ItemRange<di::FilterOp> {
 0:15.70     |                    ^^^^^     ^^^^^^^^^^^^^^^^^^^^^^^ the same lifetime is hidden here
 0:15.70     |                    |
 0:15.70     |                    the lifetime is elided here
 0:15.70     |
 0:15.70     = help: the same lifetime is referred to in inconsistent ways, making the signature confusing
 0:15.70 help: use `'_` for type paths
 0:15.70     |
 0:15.70 527 |     pub fn filters(&self) -> ItemRange<'_, di::FilterOp> {
 0:15.70     |                                        +++
 0:15.70 warning: hiding a lifetime that's elided elsewhere is confusing
 0:15.70    --> gfx\wr\webrender_api\src\display_list.rs:531:25
 0:15.70     |
 0:15.70 531 |     pub fn filter_datas(&self) -> &Vec<TempFilterData> {
 0:15.70     |                         ^^^^^     ^^^^^^^^^^^^^^^^^^^^
 0:15.70     |                         |         |    |
 0:15.70     |                         |         |    the same lifetime is hidden here
 0:15.70     |                         |         the same lifetime is elided here
 0:15.70     |                         the lifetime is elided here
 0:15.70     |
 0:15.70     = help: the same lifetime is referred to in inconsistent ways, making the signature confusing
 0:15.70 help: use `'_` for type paths
 0:15.70     |
 0:15.70 531 |     pub fn filter_datas(&self) -> &Vec<TempFilterData<'_>> {
 0:15.70     |                                                      ++++
 0:15.70 warning: hiding a lifetime that's elided elsewhere is confusing
 0:15.70    --> gfx\wr\webrender_api\src\display_list.rs:535:30
 0:15.70     |
 0:15.70 535 |     pub fn filter_primitives(&self) -> ItemRange<di::FilterPrimitive> {
 0:15.70     |                              ^^^^^     ^^^^^^^^^^^^^^^^^^^^^^^^^^^^^^ the same lifetime is hidden here
 0:15.70     |                              |
 0:15.70     |                              the lifetime is elided here
 0:15.70     |
 0:15.70     = help: the same lifetime is referred to in inconsistent ways, making the signature confusing
 0:15.71 help: use `'_` for type paths
 0:15.71     |
 0:15.71 535 |     pub fn filter_primitives(&self) -> ItemRange<'_, di::FilterPrimitive> {
 0:15.71     |                                                  +++
 0:15.71 warning: hiding a lifetime that's elided elsewhere is confusing
 0:15.71    --> gfx\wr\webrender_api\src\display_list.rs:610:17
 0:15.71     |
 0:15.71 610 |     pub fn iter(&self) -> BuiltDisplayListIter {
 0:15.71     |                 ^^^^^     ^^^^^^^^^^^^^^^^^^^^ the same lifetime is hidden here
 0:15.71     |                 |
 0:15.71     |                 the lifetime is elided here
 0:15.71     |
 0:15.71     = help: the same lifetime is referred to in inconsistent ways, making the signature confusing
 0:15.71 help: use `'_` for type paths
 0:15.71     |
 0:15.71 610 |     pub fn iter(&self) -> BuiltDisplayListIter<'_> {
 0:15.71     |                                               ++++
 0:15.71 warning: hiding a lifetime that's elided elsewhere is confusing
 0:15.71    --> gfx\wr\webrender_api\src\display_list.rs:614:28
 0:15.71     |
 0:15.71 614 |     pub fn cache_data_iter(&self) -> BuiltDisplayListIter {
 0:15.71     |                            ^^^^^     ^^^^^^^^^^^^^^^^^^^^ the same lifetime is hidden here
 0:15.71     |                            |
 0:15.71     |                            the lifetime is elided here
 0:15.71     |
 0:15.71     = help: the same lifetime is referred to in inconsistent ways, making the signature confusing
 0:15.71 help: use `'_` for type paths
 0:15.71     |
 0:15.71 614 |     pub fn cache_data_iter(&self) -> BuiltDisplayListIter<'_> {
 0:15.71     |                                                          ++++
 0:15.71 warning: hiding a lifetime that's elided elsewhere is confusing
 0:15.71    --> gfx\wr\webrender_api\src\display_list.rs:788:19
 0:15.71     |
 0:15.71 788 |     pub fn glyphs(&self) -> ItemRange<GlyphInstance> {
 0:15.71     |                   ^^^^^     ^^^^^^^^^^^^^^^^^^^^^^^^ the same lifetime is hidden here
 0:15.71     |                   |
 0:15.71     |                   the lifetime is elided here
 0:15.71     |
 0:15.71     = help: the same lifetime is referred to in inconsistent ways, making the signature confusing
 0:15.71 help: use `'_` for type paths
 0:15.71     |
 0:15.71 788 |     pub fn glyphs(&self) -> ItemRange<'_, GlyphInstance> {
 0:15.71     |                                       +++
 0:15.71 warning: hiding a lifetime that's elided elsewhere is confusing
 0:15.71    --> gfx\wr\webrender_api\src\display_list.rs:792:27
 0:15.71     |
 0:15.71 792 |     pub fn gradient_stops(&self) -> ItemRange<di::GradientStop> {
 0:15.71     |                           ^^^^^     ^^^^^^^^^^^^^^^^^^^^^^^^^^^ the same lifetime is hidden here
 0:15.71     |                           |
 0:15.71     |                           the lifetime is elided here
 0:15.71     |
 0:15.71     = help: the same lifetime is referred to in inconsistent ways, making the signature confusing
 0:15.71 help: use `'_` for type paths
 0:15.71     |
 0:15.71 792 |     pub fn gradient_stops(&self) -> ItemRange<'_, di::GradientStop> {
 0:15.71     |                                               +++
 0:15.71 warning: hiding a lifetime that's elided elsewhere is confusing
 0:15.71    --> gfx\wr\webrender_api\src\image.rs:117:13
 0:15.71     |
 0:15.71 117 |     fn lock(&mut self, key: ExternalImageId, channel_index: u8) -> ExternalImage;
 0:15.71     |             ^^^^^^^^^ the lifetime is elided here                  ^^^^^^^^^^^^^ the same lifetime is hidden here
 0:15.71     |
 0:15.71     = help: the same lifetime is referred to in inconsistent ways, making the signature confusing
 0:15.71 help: use `'_` for type paths
 0:15.71     |
 0:15.71 117 |     fn lock(&mut self, key: ExternalImageId, channel_index: u8) -> ExternalImage<'_>;
 0:15.71     |                                                                                 ++++
 0:15.71 warning: `webrender_api` (lib) generated 14 warnings (run `cargo fix --lib -p webrender_api` to apply 14 suggestions)
 0:15.71 warning: hiding a lifetime that's elided elsewhere is confusing
 0:15.71    --> intl\l10n\rust\l10nregistry-rs\src\registry\mod.rs:216:35
 0:15.71     |
 0:15.71 216 |     pub fn try_borrow_metasources(&self) -> Result<Ref<MetaSources>, L10nRegistrySetupError> {
 0:15.71     |                                   ^^^^^            ^^^^^^^^^^^^^^^^ the same lifetime is hidden here
 0:15.71     |                                   |
 0:15.71     |                                   the lifetime is elided here
 0:15.71     |
 0:15.71     = help: the same lifetime is referred to in inconsistent ways, making the signature confusing
 0:15.71     = note: `#[warn(mismatched_lifetime_syntaxes)]` on by default
 0:15.71 help: use `'_` for type paths
 0:15.71     |
 0:15.71 216 |     pub fn try_borrow_metasources(&self) -> Result<Ref<'_, MetaSources>, L10nRegistrySetupError> {
 0:15.71     |                                                        +++
 0:15.71 warning: hiding a lifetime that's elided elsewhere is confusing
 0:15.71    --> intl\l10n\rust\l10nregistry-rs\src\registry\mod.rs:224:9
 0:15.71     |
 0:15.71 224 |         &self,
 0:15.71     |         ^^^^^ the lifetime is elided here
 0:15.71 225 |     ) -> Result<RefMut<MetaSources>, L10nRegistrySetupError> {
 0:15.71     |                 ^^^^^^^^^^^^^^^^^^^ the same lifetime is hidden here
 0:15.71     |
 0:15.71     = help: the same lifetime is referred to in inconsistent ways, making the signature confusing
 0:15.71 help: use `'_` for type paths
 0:15.71     |
 0:15.71 225 |     ) -> Result<RefMut<'_, MetaSources>, L10nRegistrySetupError> {
 0:15.71     |                        +++
 0:15.71 warning: `l10nregistry` (lib) generated 2 warnings (run `cargo fix --lib -p l10nregistry` to apply 2 suggestions)
 0:15.71 warning: hiding a lifetime that's elided elsewhere is confusing
 0:15.71   --> gfx\wr\wr_glyph_rasterizer\src\rasterizer.rs:36:33
 0:15.71    |
 0:15.71 36 |     pub fn lock_current_context(&self) -> MutexGuard<FontContext> {
 0:15.71    |                                 ^^^^^     ^^^^^^^^^^^^^^^^^^^^^^^ the same lifetime is hidden here
 0:15.71    |                                 |
 0:15.71    |                                 the lifetime is elided here
 0:15.71    |
 0:15.71    = help: the same lifetime is referred to in inconsistent ways, making the signature confusing
 0:15.71    = note: `#[warn(mismatched_lifetime_syntaxes)]` on by default
 0:15.71 help: use `'_` for type paths
 0:15.71    |
 0:15.71 36 |     pub fn lock_current_context(&self) -> MutexGuard<'_, FontContext> {
 0:15.71    |                                                      +++
 0:15.71 warning: hiding a lifetime that's elided elsewhere is confusing
 0:15.71    --> gfx\wr\wr_glyph_rasterizer\src\rasterizer.rs:505:13
 0:15.71     |
 0:15.71 505 |     fn lock(&self) -> RwLockReadGuard<FontKeyMapLocked> {
 0:15.71     |             ^^^^^     ^^^^^^^^^^^^^^^^^^^^^^^^^^^^^^^^^ the same lifetime is hidden here
 0:15.71     |             |
 0:15.71     |             the lifetime is elided here
 0:15.71     |
 0:15.71     = help: the same lifetime is referred to in inconsistent ways, making the signature confusing
 0:15.71 help: use `'_` for type paths
 0:15.71     |
 0:15.71 505 |     fn lock(&self) -> RwLockReadGuard<'_, FontKeyMapLocked> {
 0:15.71     |                                       +++
 0:15.71 warning: hiding a lifetime that's elided elsewhere is confusing
 0:15.71    --> gfx\wr\wr_glyph_rasterizer\src\rasterizer.rs:509:17
 0:15.71     |
 0:15.71 509 |     fn lock_mut(&mut self) -> RwLockWriteGuard<FontKeyMapLocked> {
 0:15.71     |                 ^^^^^^^^^     ^^^^^^^^^^^^^^^^^^^^^^^^^^^^^^^^^^ the same lifetime is hidden here
 0:15.71     |                 |
 0:15.71     |                 the lifetime is elided here
 0:15.71     |
 0:15.71     = help: the same lifetime is referred to in inconsistent ways, making the signature confusing
 0:15.71 help: use `'_` for type paths
 0:15.71     |
 0:15.71 509 |     fn lock_mut(&mut self) -> RwLockWriteGuard<'_, FontKeyMapLocked> {
 0:15.71     |                                                +++
 0:15.71 warning: hiding a lifetime that's elided elsewhere is confusing
 0:15.71    --> gfx\wr\wr_glyph_rasterizer\src\rasterizer.rs:594:17
 0:15.71     |
 0:15.71 594 |     pub fn lock(&self) -> RwLockReadGuard<FontTemplateMapLocked> {
 0:15.71     |                 ^^^^^     ^^^^^^^^^^^^^^^^^^^^^^^^^^^^^^^^^^^^^^ the same lifetime is hidden here
 0:15.71     |                 |
 0:15.71     |                 the lifetime is elided here
 0:15.71     |
 0:15.71     = help: the same lifetime is referred to in inconsistent ways, making the signature confusing
 0:15.71 help: use `'_` for type paths
 0:15.71     |
 0:15.71 594 |     pub fn lock(&self) -> RwLockReadGuard<'_, FontTemplateMapLocked> {
 0:15.71     |                                           +++
 0:15.71 warning: hiding a lifetime that's elided elsewhere is confusing
 0:15.71    --> gfx\wr\wr_glyph_rasterizer\src\rasterizer.rs:598:17
 0:15.71     |
 0:15.71 598 |     fn lock_mut(&mut self) -> RwLockWriteGuard<FontTemplateMapLocked> {
 0:15.71     |                 ^^^^^^^^^     ^^^^^^^^^^^^^^^^^^^^^^^^^^^^^^^^^^^^^^^ the same lifetime is hidden here
 0:15.71     |                 |
 0:15.71     |                 the lifetime is elided here
 0:15.71     |
 0:15.71     = help: the same lifetime is referred to in inconsistent ways, making the signature confusing
 0:15.71 help: use `'_` for type paths
 0:15.71     |
 0:15.71 598 |     fn lock_mut(&mut self) -> RwLockWriteGuard<'_, FontTemplateMapLocked> {
 0:15.71     |                                                +++
 0:15.71 warning: hiding a lifetime that's elided elsewhere is confusing
 0:15.71    --> gfx\wr\wr_glyph_rasterizer\src\rasterizer.rs:678:13
 0:15.71     |
 0:15.71 678 |     fn lock(&self) -> RwLockReadGuard<FontInstanceKeyMapLocked> {
 0:15.71     |             ^^^^^     ^^^^^^^^^^^^^^^^^^^^^^^^^^^^^^^^^^^^^^^^^ the same lifetime is hidden here
 0:15.71     |             |
 0:15.71     |             the lifetime is elided here
 0:15.71     |
 0:15.71     = help: the same lifetime is referred to in inconsistent ways, making the signature confusing
 0:15.71 help: use `'_` for type paths
 0:15.71     |
 0:15.71 678 |     fn lock(&self) -> RwLockReadGuard<'_, FontInstanceKeyMapLocked> {
 0:15.71     |                                       +++
 0:15.71 warning: hiding a lifetime that's elided elsewhere is confusing
 0:15.71    --> gfx\wr\wr_glyph_rasterizer\src\rasterizer.rs:682:17
 0:15.71     |
 0:15.71 682 |     fn lock_mut(&mut self) -> RwLockWriteGuard<FontInstanceKeyMapLocked> {
 0:15.71     |                 ^^^^^^^^^     ^^^^^^^^^^^^^^^^^^^^^^^^^^^^^^^^^^^^^^^^^^ the same lifetime is hidden here
 0:15.71     |                 |
 0:15.71     |                 the lifetime is elided here
 0:15.71     |
 0:15.71     = help: the same lifetime is referred to in inconsistent ways, making the signature confusing
 0:15.71 help: use `'_` for type paths
 0:15.71     |
 0:15.71 682 |     fn lock_mut(&mut self) -> RwLockWriteGuard<'_, FontInstanceKeyMapLocked> {
 0:15.71     |                                                +++
 0:15.71 warning: hiding a lifetime that's elided elsewhere is confusing
 0:15.71    --> gfx\wr\wr_glyph_rasterizer\src\rasterizer.rs:766:17
 0:15.71     |
 0:15.71 766 |     pub fn lock(&self) -> RwLockReadGuard<FontInstanceMapLocked> {
 0:15.71     |                 ^^^^^     ^^^^^^^^^^^^^^^^^^^^^^^^^^^^^^^^^^^^^^ the same lifetime is hidden here
 0:15.71     |                 |
 0:15.71     |                 the lifetime is elided here
 0:15.71     |
 0:15.71     = help: the same lifetime is referred to in inconsistent ways, making the signature confusing
 0:15.71 help: use `'_` for type paths
 0:15.71     |
 0:15.71 766 |     pub fn lock(&self) -> RwLockReadGuard<'_, FontInstanceMapLocked> {
 0:15.71     |                                           +++
 0:15.71 warning: hiding a lifetime that's elided elsewhere is confusing
 0:15.71    --> gfx\wr\wr_glyph_rasterizer\src\rasterizer.rs:771:17
 0:15.71     |
 0:15.71 771 |     fn lock_mut(&mut self) -> RwLockWriteGuard<FontInstanceMapLocked> {
 0:15.71     |                 ^^^^^^^^^     ^^^^^^^^^^^^^^^^^^^^^^^^^^^^^^^^^^^^^^^ the same lifetime is hidden here
 0:15.71     |                 |
 0:15.71     |                 the lifetime is elided here
 0:15.71     |
 0:15.71     = help: the same lifetime is referred to in inconsistent ways, making the signature confusing
 0:15.71 help: use `'_` for type paths
 0:15.71     |
 0:15.71 771 |     fn lock_mut(&mut self) -> RwLockWriteGuard<'_, FontInstanceMapLocked> {
 0:15.71     |                                                +++
 0:15.71 warning: hiding a lifetime that's elided elsewhere is confusing
 0:15.71     --> gfx\wr\wr_glyph_rasterizer\src\rasterizer.rs:1396:25
 0:15.71      |
 0:15.71 1396 |     pub fn lock_context(&self, id: usize) -> MutexGuard<FontContext> {
 0:15.71      |                         ^^^^^                ^^^^^^^^^^^^^^^^^^^^^^^ the same lifetime is hidden here
 0:15.71      |                         |
 0:15.71      |                         the lifetime is elided here
 0:15.71      |
 0:15.71      = help: the same lifetime is referred to in inconsistent ways, making the signature confusing
 0:15.71 help: use `'_` for type paths
 0:15.71      |
 0:15.71 1396 |     pub fn lock_context(&self, id: usize) -> MutexGuard<'_, FontContext> {
 0:15.71      |                                                         +++
 0:15.71 warning: hiding a lifetime that's elided elsewhere is confusing
 0:15.71     --> gfx\wr\wr_glyph_rasterizer\src\rasterizer.rs:1402:29
 0:15.71      |
 0:15.71 1402 |     pub fn lock_any_context(&self) -> MutexGuard<FontContext> {
 0:15.71      |                             ^^^^^     ^^^^^^^^^^^^^^^^^^^^^^^ the same lifetime is hidden here
 0:15.71      |                             |
 0:15.71      |                             the lifetime is elided here
 0:15.71      |
 0:15.71      = help: the same lifetime is referred to in inconsistent ways, making the signature confusing
 0:15.71 help: use `'_` for type paths
 0:15.71      |
 0:15.71 1402 |     pub fn lock_any_context(&self) -> MutexGuard<'_, FontContext> {
 0:15.72      |                                                  +++
 0:15.72 warning: `wr_glyph_rasterizer` (lib) generated 11 warnings (run `cargo fix --lib -p wr_glyph_rasterizer` to apply 11 suggestions)
 0:15.72 warning: hiding a lifetime that's elided elsewhere is confusing
 0:15.72   --> intl\l10n\rust\fluent-ffi\src\bundle.rs:35:26
 0:15.72    |
 0:15.72 35 | fn transform_accented(s: &str) -> Cow<str> {
 0:15.72    |                          ^^^^     ^^^^^^^^ the same lifetime is hidden here
 0:15.72    |                          |
 0:15.72    |                          the lifetime is elided here
 0:15.72    |
 0:15.72    = help: the same lifetime is referred to in inconsistent ways, making the signature confusing
 0:15.72    = note: `#[warn(mismatched_lifetime_syntaxes)]` on by default
 0:15.72 help: use `'_` for type paths
 0:15.72    |
 0:15.72 35 | fn transform_accented(s: &str) -> Cow<'_, str> {
 0:15.72    |                                       +++
 0:15.72 warning: hiding a lifetime that's elided elsewhere is confusing
 0:15.72   --> intl\l10n\rust\fluent-ffi\src\bundle.rs:39:22
 0:15.72    |
 0:15.72 39 | fn transform_bidi(s: &str) -> Cow<str> {
 0:15.72    |                      ^^^^     ^^^^^^^^ the same lifetime is hidden here
 0:15.72    |                      |
 0:15.72    |                      the lifetime is elided here
 0:15.72    |
 0:15.72    = help: the same lifetime is referred to in inconsistent ways, making the signature confusing
 0:15.72 help: use `'_` for type paths
 0:15.72    |
 0:15.72 39 | fn transform_bidi(s: &str) -> Cow<'_, str> {
 0:15.72    |                                   +++
 0:15.72 warning: `fluent-ffi` (lib) generated 2 warnings (run `cargo fix --lib -p fluent-ffi` to apply 2 suggestions)
 0:15.72 warning: hiding a lifetime that's elided elsewhere is confusing
 0:15.72    --> security\manager\ssl\trust_anchors\build.rs:101:13
 0:15.72     |
 0:15.72 101 | fn class(i: &str) -> IResult<&str, Ck> {
 0:15.72     |             ^^^^             ^^^^  ^^ the same lifetime is hidden here
 0:15.72     |             |                |
 0:15.72     |             |                the same lifetime is elided here
 0:15.72     |             the lifetime is elided here
 0:15.72     |
 0:15.72     = help: the same lifetime is referred to in inconsistent ways, making the signature confusing
 0:15.72     = note: `#[warn(mismatched_lifetime_syntaxes)]` on by default
 0:15.72 help: use `'_` for type paths
 0:15.72     |
 0:15.72 101 | fn class(i: &str) -> IResult<&str, Ck<'_>> {
 0:15.72     |                                      ++++
 0:15.72 warning: hiding a lifetime that's elided elsewhere is confusing
 0:15.72    --> security\manager\ssl\trust_anchors\build.rs:114:13
 0:15.72     |
 0:15.72 114 | fn trust(i: &str) -> IResult<&str, Ck> {
 0:15.72     |             ^^^^             ^^^^  ^^ the same lifetime is hidden here
 0:15.72     |             |                |
 0:15.72     |             |                the same lifetime is elided here
 0:15.72     |             the lifetime is elided here
 0:15.72     |
 0:15.72     = help: the same lifetime is referred to in inconsistent ways, making the signature confusing
 0:15.72 help: use `'_` for type paths
 0:15.72     |
 0:15.72 114 | fn trust(i: &str) -> IResult<&str, Ck<'_>> {
 0:15.72     |                                      ++++
 0:15.72 warning: hiding a lifetime that's elided elsewhere is confusing
 0:15.72    --> security\manager\ssl\trust_anchors\build.rs:129:20
 0:15.72     |
 0:15.72 129 | fn option_bbool(i: &str) -> IResult<&str, Ck> {
 0:15.72     |                    ^^^^             ^^^^  ^^ the same lifetime is hidden here
 0:15.72     |                    |                |
 0:15.72     |                    |                the same lifetime is elided here
 0:15.72     |                    the lifetime is elided here
 0:15.72     |
 0:15.72     = help: the same lifetime is referred to in inconsistent ways, making the signature confusing
 0:15.72 help: use `'_` for type paths
 0:15.72     |
 0:15.72 129 | fn option_bbool(i: &str) -> IResult<&str, Ck<'_>> {
 0:15.72     |                                             ++++
 0:15.72 warning: hiding a lifetime that's elided elsewhere is confusing
 0:15.72    --> security\manager\ssl\trust_anchors\build.rs:138:18
 0:15.72     |
 0:15.72 138 | fn bbool_true(i: &str) -> IResult<&str, Ck> {
 0:15.72     |                  ^^^^             ^^^^  ^^ the same lifetime is hidden here
 0:15.72     |                  |                |
 0:15.72     |                  |                the same lifetime is elided here
 0:15.72     |                  the lifetime is elided here
 0:15.72     |
 0:15.72     = help: the same lifetime is referred to in inconsistent ways, making the signature confusing
 0:15.72 help: use `'_` for type paths
 0:15.72     |
 0:15.72 138 | fn bbool_true(i: &str) -> IResult<&str, Ck<'_>> {
 0:15.72     |                                           ++++
 0:15.72 warning: hiding a lifetime that's elided elsewhere is confusing
 0:15.72    --> security\manager\ssl\trust_anchors\build.rs:147:19
 0:15.72     |
 0:15.72 147 | fn bbool_false(i: &str) -> IResult<&str, Ck> {
 0:15.72     |                   ^^^^             ^^^^  ^^ the same lifetime is hidden here
 0:15.72     |                   |                |
 0:15.72     |                   |                the same lifetime is elided here
 0:15.72     |                   the lifetime is elided here
 0:15.72     |
 0:15.72     = help: the same lifetime is referred to in inconsistent ways, making the signature confusing
 0:15.72 help: use `'_` for type paths
 0:15.72     |
 0:15.72 147 | fn bbool_false(i: &str) -> IResult<&str, Ck<'_>> {
 0:15.72     |                                            ++++
 0:15.72 warning: hiding a lifetime that's elided elsewhere is confusing
 0:15.72    --> security\manager\ssl\trust_anchors\build.rs:156:12
 0:15.72     |
 0:15.72 156 | fn utf8(i: &str) -> IResult<&str, Ck> {
 0:15.72     |            ^^^^             ^^^^  ^^ the same lifetime is hidden here
 0:15.72     |            |                |
 0:15.72     |            |                the same lifetime is elided here
 0:15.72     |            the lifetime is elided here
 0:15.72     |
 0:15.72     = help: the same lifetime is referred to in inconsistent ways, making the signature confusing
 0:15.72 help: use `'_` for type paths
 0:15.72     |
 0:15.72 156 | fn utf8(i: &str) -> IResult<&str, Ck<'_>> {
 0:15.72     |                                     ++++
 0:15.72 warning: hiding a lifetime that's elided elsewhere is confusing
 0:15.72    --> security\manager\ssl\trust_anchors\build.rs:167:24
 0:15.72     |
 0:15.72 167 | fn certificate_type(i: &str) -> IResult<&str, Ck> {
 0:15.72     |                        ^^^^             ^^^^  ^^ the same lifetime is hidden here
 0:15.72     |                        |                |
 0:15.72     |                        |                the same lifetime is elided here
 0:15.72     |                        the lifetime is elided here
 0:15.72     |
 0:15.72     = help: the same lifetime is referred to in inconsistent ways, making the signature confusing
 0:15.72 help: use `'_` for type paths
 0:15.72     |
 0:15.72 167 | fn certificate_type(i: &str) -> IResult<&str, Ck<'_>> {
 0:15.72     |                                                 ++++
 0:15.72 warning: hiding a lifetime that's elided elsewhere is confusing
 0:15.72    --> security\manager\ssl\trust_anchors\build.rs:178:22
 0:15.72     |
 0:15.72 178 | fn distrust_after(i: &str) -> IResult<&str, Ck> {
 0:15.72     |                      ^^^^             ^^^^  ^^ the same lifetime is hidden here
 0:15.72     |                      |                |
 0:15.72     |                      |                the same lifetime is elided here
 0:15.72     |                      the lifetime is elided here
 0:15.72     |
 0:15.72     = help: the same lifetime is referred to in inconsistent ways, making the signature confusing
 0:15.72 help: use `'_` for type paths
 0:15.72     |
 0:15.72 178 | fn distrust_after(i: &str) -> IResult<&str, Ck<'_>> {
 0:15.72     |                                               ++++
 0:15.72 warning: hiding a lifetime that's elided elsewhere is confusing
 0:15.72    --> security\manager\ssl\trust_anchors\build.rs:196:23
 0:15.72     |
 0:15.72 196 | fn multiline_octal(i: &str) -> IResult<&str, Ck> {
 0:15.72     |                       ^^^^             ^^^^  ^^ the same lifetime is hidden here
 0:15.72     |                       |                |
 0:15.72     |                       |                the same lifetime is elided here
 0:15.72     |                       the lifetime is elided here
 0:15.72     |
 0:15.72     = help: the same lifetime is referred to in inconsistent ways, making the signature confusing
 0:15.72 help: use `'_` for type paths
 0:15.72     |
 0:15.72 196 | fn multiline_octal(i: &str) -> IResult<&str, Ck<'_>> {
 0:15.72     |                                                ++++
 0:15.72 warning: hiding a lifetime that's elided elsewhere is confusing
 0:15.73    --> security\manager\ssl\trust_anchors\build.rs:207:24
 0:15.73     |
 0:15.73 207 | fn distrust_comment(i: &str) -> IResult<&str, (&str, Ck)> {
 0:15.73     |                        ^^^^             ^^^^   ^^^^  ^^ the same lifetime is hidden here
 0:15.73     |                        |                |      |
 0:15.73     |                        |                |      the same lifetime is elided here
 0:15.73     |                        |                the same lifetime is elided here
 0:15.73     |                        the lifetime is elided here
 0:15.73     |
 0:15.73     = help: the same lifetime is referred to in inconsistent ways, making the signature confusing
 0:15.73 help: use `'_` for type paths
 0:15.73     |
 0:15.73 207 | fn distrust_comment(i: &str) -> IResult<&str, (&str, Ck<'_>)> {
 0:15.73     |                                                        ++++
 0:15.73 warning: hiding a lifetime that's elided elsewhere is confusing
 0:15.73    --> security\manager\ssl\trust_anchors\build.rs:219:15
 0:15.73     |
 0:15.73 219 | fn comment(i: &str) -> IResult<&str, (&str, Ck)> {
 0:15.73     |               ^^^^             ^^^^   ^^^^  ^^ the same lifetime is hidden here
 0:15.73     |               |                |      |
 0:15.73     |               |                |      the same lifetime is elided here
 0:15.73     |               |                the same lifetime is elided here
 0:15.73     |               the lifetime is elided here
 0:15.73     |
 0:15.73     = help: the same lifetime is referred to in inconsistent ways, making the signature confusing
 0:15.73 help: use `'_` for type paths
 0:15.73     |
 0:15.73 219 | fn comment(i: &str) -> IResult<&str, (&str, Ck<'_>)> {
 0:15.73     |                                               ++++
 0:15.73 warning: hiding a lifetime that's elided elsewhere is confusing
 0:15.73    --> security\manager\ssl\trust_anchors\build.rs:224:21
 0:15.73     |
 0:15.73 224 | fn certdata_line(i: &str) -> IResult<&str, (&str, Ck)> {
 0:15.73     |                     ^^^^             ^^^^   ^^^^  ^^ the same lifetime is hidden here
 0:15.73     |                     |                |      |
 0:15.73     |                     |                |      the same lifetime is elided here
 0:15.73     |                     |                the same lifetime is elided here
 0:15.73     |                     the lifetime is elided here
 0:15.73     |
 0:15.73     = help: the same lifetime is referred to in inconsistent ways, making the signature confusing
 0:15.73 help: use `'_` for type paths
 0:15.73     |
 0:15.73 224 | fn certdata_line(i: &str) -> IResult<&str, (&str, Ck<'_>)> {
 0:15.73     |                                                     ++++
 0:15.73 warning: hiding a lifetime that's elided elsewhere is confusing
 0:15.73    --> security\manager\ssl\trust_anchors\build.rs:281:13
 0:15.73     |
 0:15.73 281 | fn parse(i: &str) -> IResult<&str, Vec<Block>> {
 0:15.73     |             ^^^^             ^^^^      ^^^^^ the same lifetime is hidden here
 0:15.73     |             |                |
 0:15.73     |             |                the same lifetime is elided here
 0:15.73     |             the lifetime is elided here
 0:15.73     |
 0:15.73     = help: the same lifetime is referred to in inconsistent ways, making the signature confusing
 0:15.73 help: use `'_` for type paths
 0:15.73     |
 0:15.73 281 | fn parse(i: &str) -> IResult<&str, Vec<Block<'_>>> {
 0:15.73     |                                             ++++
 0:15.73 warning: `trust-anchors` (build script) generated 13 warnings
 0:15.73 warning: struct `PotentiallyInvalidUtf8` is never constructed
 0:15.73   --> intl\icu_capi\src\utf.rs:30:12
 0:15.73    |
 0:15.73 30 | pub struct PotentiallyInvalidUtf8<'a>(pub &'a [u8]);
 0:15.73    |            ^^^^^^^^^^^^^^^^^^^^^^
 0:15.73    |
 0:15.73    = note: `#[warn(dead_code)]` (part of `#[warn(unused)]`) on by default
 0:15.73 warning: struct `PotentiallyInvalidUtf16` is never constructed
 0:15.73    --> intl\icu_capi\src\utf.rs:107:12
 0:15.73     |
 0:15.73 107 | pub struct PotentiallyInvalidUtf16<'a>(pub &'a [u16]);
 0:15.73     |            ^^^^^^^^^^^^^^^^^^^^^^^
 0:15.73 warning: hiding a lifetime that's elided elsewhere is confusing
 0:15.73   --> intl\icu_capi\src\utf.rs:72:28
 0:15.73    |
 0:15.73 72 |     fn try_write_to_string(&self) -> Result<Cow<str>, (Self::Error, Cow<str>)> {
 0:15.73    |                            ^^^^^            ^^^^^^^^                ^^^^^^^^ the same lifetime is hidden here
 0:15.73    |                            |                |
 0:15.73    |                            |                the same lifetime is hidden here
 0:15.73    |                            the lifetime is elided here
 0:15.73    |
 0:15.73    = help: the same lifetime is referred to in inconsistent ways, making the signature confusing
 0:15.73    = note: `#[warn(mismatched_lifetime_syntaxes)]` on by default
 0:15.73 help: use `'_` for type paths
 0:15.73    |
 0:15.73 72 |     fn try_write_to_string(&self) -> Result<Cow<'_, str>, (Self::Error, Cow<'_, str>)> {
 0:15.73    |                                                 +++                         +++
 0:15.73 warning: `icu_capi` (lib) generated 3 warnings (run `cargo fix --lib -p icu_capi` to apply 1 suggestion)
 0:15.73 warning: unexpected `cfg` condition value: `phf`
 0:15.73   --> third_party\rust\mime_guess\src\lib.rs:32:7
 0:15.73    |
 0:15.73 32 | #[cfg(feature = "phf")]
 0:15.73    |       ^^^^^^^^^^^^^^^
 0:15.73    |
 0:15.73    = note: expected values for `feature` are: `default` and `rev-mappings`
 0:15.73    = help: consider adding `phf` as a feature in `Cargo.toml`
 0:15.74    = note: see <https://doc.rust-lang.org/nightly/rustc/check-cfg/cargo-specifics.html> for more information about checking conditional configuration
 0:15.74    = note: `#[warn(unexpected_cfgs)]` on by default
 0:15.74 warning: unexpected `cfg` condition value: `phf`
 0:15.74   --> third_party\rust\mime_guess\src\lib.rs:36:11
 0:15.74    |
 0:15.74 36 | #[cfg(not(feature = "phf"))]
 0:15.74    |           ^^^^^^^^^^^^^^^
 0:15.74    |
 0:15.74    = note: expected values for `feature` are: `default` and `rev-mappings`
 0:15.74    = help: consider adding `phf` as a feature in `Cargo.toml`
 0:15.74    = note: see <https://doc.rust-lang.org/nightly/rustc/check-cfg/cargo-specifics.html> for more information about checking conditional configuration
 0:15.74 warning: struct `Geometry` is never constructed
 0:15.74     --> gfx\wr\webrender\src\clip.rs:2122:12
 0:15.74      |
 0:15.74 2122 | pub struct Geometry {
 0:15.74      |            ^^^^^^^^
 0:15.74      |
 0:15.74      = note: `#[warn(dead_code)]` (part of `#[warn(unused)]`) on by default
 0:15.74 warning: struct `CompositorTransform` is never constructed
 0:15.74    --> gfx\wr\webrender\src\gpu_types.rs:267:12
 0:15.74     |
 0:15.74 267 | pub struct CompositorTransform {
 0:15.74     |            ^^^^^^^^^^^^^^^^^^^
 0:15.74 warning: struct `PictureData` is never constructed
 0:15.74     --> gfx\wr\webrender\src\prim_store\picture.rs:1025:12
 0:15.74      |
 0:15.74 1025 | pub struct PictureData;
 0:15.74      |            ^^^^^^^^^^^
 0:15.74 warning: hiding a lifetime that's elided elsewhere is confusing
 0:15.74    --> gfx\wr\webrender\src\spatial_tree.rs:118:22
 0:15.74     |
 0:15.74 118 |     fn get_node_info(&self, index: SpatialNodeIndex) -> SpatialNodeInfo;
 0:15.74     |                      ^^^^^ the lifetime is elided here  ^^^^^^^^^^^^^^^ the same lifetime is hidden here
 0:15.74     |
 0:15.74     = help: the same lifetime is referred to in inconsistent ways, making the signature confusing
 0:15.74     = note: `#[warn(mismatched_lifetime_syntaxes)]` on by default
 0:15.74 help: use `'_` for type paths
 0:15.74     |
 0:15.74 118 |     fn get_node_info(&self, index: SpatialNodeIndex) -> SpatialNodeInfo<'_>;
 0:15.74     |                                                                        ++++
 0:15.74 warning: hiding a lifetime that's elided elsewhere is confusing
 0:15.74    --> gfx\wr\webrender\src\spatial_tree.rs:231:22
 0:15.74     |
 0:15.74 231 |     fn get_node_info(&self, index: SpatialNodeIndex) -> SpatialNodeInfo {
 0:15.74     |                      ^^^^^ the lifetime is elided here  ^^^^^^^^^^^^^^^ the same lifetime is hidden here
 0:15.74     |
 0:15.74     = help: the same lifetime is referred to in inconsistent ways, making the signature confusing
 0:15.74 help: use `'_` for type paths
 0:15.74     |
 0:15.74 231 |     fn get_node_info(&self, index: SpatialNodeIndex) -> SpatialNodeInfo<'_> {
 0:15.74     |                                                                        ++++
 0:15.74 warning: hiding a lifetime that's elided elsewhere is confusing
 0:15.74    --> gfx\wr\webrender\src\spatial_tree.rs:790:22
 0:15.74     |
 0:15.74 790 |     fn get_node_info(&self, index: SpatialNodeIndex) -> SpatialNodeInfo {
 0:15.74     |                      ^^^^^ the lifetime is elided here  ^^^^^^^^^^^^^^^ the same lifetime is hidden here
 0:15.74     |
 0:15.74     = help: the same lifetime is referred to in inconsistent ways, making the signature confusing
 0:15.74 help: use `'_` for type paths
 0:15.74     |
 0:15.74 790 |     fn get_node_info(&self, index: SpatialNodeIndex) -> SpatialNodeInfo<'_> {
 0:15.74     |                                                                        ++++
 0:15.74 warning: hiding a lifetime that's elided elsewhere is confusing
 0:15.74    --> gfx\wr\webrender\src\compositor\sw_compositor.rs:602:13
 0:15.74     |
 0:15.74 602 |     fn lock(&self) -> SwCompositeThreadLock {
 0:15.74     |             ^^^^^     ^^^^^^^^^^^^^^^^^^^^^ the same lifetime is hidden here
 0:15.74     |             |
 0:15.74     |             the lifetime is elided here
 0:15.74     |
 0:15.74     = help: the same lifetime is referred to in inconsistent ways, making the signature confusing
 0:15.74 help: use `'_` for type paths
 0:15.74     |
 0:15.74 602 |     fn lock(&self) -> SwCompositeThreadLock<'_> {
 0:15.74     |                                            ++++
 0:15.74 warning: hiding a lifetime that's elided elsewhere is confusing
 0:15.74    --> gfx\wr\webrender\src\render_task_graph.rs:256:16
 0:15.74     |
 0:15.74 256 |     pub fn add(&mut self) -> RenderTaskAllocation {
 0:15.74     |                ^^^^^^^^^     ^^^^^^^^^^^^^^^^^^^^ the same lifetime is hidden here
 0:15.74     |                |
 0:15.74     |                the lifetime is elided here
 0:15.74     |
 0:15.74     = help: the same lifetime is referred to in inconsistent ways, making the signature confusing
 0:15.74 help: use `'_` for type paths
 0:15.74     |
 0:15.74 256 |     pub fn add(&mut self) -> RenderTaskAllocation<'_> {
 0:15.74     |                                                  ++++
 0:15.74 warning: hiding a lifetime that's elided elsewhere is confusing
 0:15.74    --> gfx\wr\webrender\src\renderer\gpu_buffer.rs:315:9
 0:15.74     |
 0:15.74 315 |         &mut self,
 0:15.74     |         ^^^^^^^^^ the lifetime is elided here
 0:15.74 316 |         block_count: usize,
 0:15.74 317 |     ) -> GpuBufferWriter<T> {
 0:15.74     |          ^^^^^^^^^^^^^^^^^^ the same lifetime is hidden here
 0:15.74     |
 0:15.74     = help: the same lifetime is referred to in inconsistent ways, making the signature confusing
 0:15.74 help: use `'_` for type paths
 0:15.74     |
 0:15.74 317 |     ) -> GpuBufferWriter<'_, T> {
 0:15.74     |                          +++
 0:15.74 warning: hiding a lifetime that's elided elsewhere is confusing
 0:15.74    --> gfx\wr\webrender\src\resource_cache.rs:305:18
 0:15.74     |
 0:15.74 305 |     pub fn entry(&mut self, key: K) -> Entry<K, V> {
 0:15.74     |                  ^^^^^^^^^             ^^^^^^^^^^^ the same lifetime is hidden here
 0:15.74     |                  |
 0:15.74     |                  the lifetime is elided here
 0:15.74     |media/gmp-clearkey/0.1/clearkey.dll
 0:15.74     = help: the same lifetime is referred to in inconsistent ways, making the signature confusing
 0:15.74 help: use `'_` for type paths
 0:15.74     |
 0:15.74 305 |     pub fn entry(&mut self, key: K) -> Entry<'_, K, V> {
 0:15.74     |                                              +++
 0:15.74 warning: hiding a lifetime that's elided elsewhere is confusing
 0:15.74    --> gfx\wr\webrender\src\resource_cache.rs:309:17
 0:15.74     |
 0:15.74 309 |     pub fn iter(&self) -> Iter<K, V> {
 0:15.74     |                 ^^^^^     ^^^^^^^^^^ the same lifetime is hidden here
 0:15.74     |                 |
 0:15.74     |                 the lifetime is elided here
 0:15.74     |
 0:15.74     = help: the same lifetime is referred to in inconsistent ways, making the signature confusing
 0:15.74 help: use `'_` for type paths
 0:15.74     |
 0:15.74 309 |     pub fn iter(&self) -> Iter<'_, K, V> {
 0:15.74     |                                +++
 0:15.74 warning: hiding a lifetime that's elided elsewhere is confusing
 0:15.74    --> gfx\wr\webrender\src\resource_cache.rs:313:21
 0:15.74     |
 0:15.74 313 |     pub fn iter_mut(&mut self) -> IterMut<K, V> {
 0:15.74     |                     ^^^^^^^^^     ^^^^^^^^^^^^^ the same lifetime is hidden here
 0:15.74     |                     |
 0:15.74     |                     the lifetime is elided here
 0:15.74     |
 0:15.74     = help: the same lifetime is referred to in inconsistent ways, making the signature confusing
 0:15.74 help: use `'_` for type paths
 0:15.74     |
 0:15.74 313 |     pub fn iter_mut(&mut self) -> IterMut<'_, K, V> {
 0:15.74     |                                           +++
 0:15.75 warning: hiding a lifetime that's elided elsewhere is confusing
 0:15.75     --> gfx\wr\webrender\src\resource_cache.rs:2365:24
 0:15.75      |
 0:15.75 2365 |     pub fn save_caches(&self, _root: &PathBuf) -> PlainCacheRef {
 0:15.75      |                        ^^^^^                      ^^^^^^^^^^^^^ the same lifetime is hidden here
 0:15.75      |                        |
 0:15.75      |                        the lifetime is elided here
 0:15.75      |
 0:15.75      = help: the same lifetime is referred to in inconsistent ways, making the signature confusing
 0:15.75 help: use `'_` for type paths
 0:15.75      |
 0:15.75 2365 |     pub fn save_caches(&self, _root: &PathBuf) -> PlainCacheRef<'_> {
 0:15.75      |                                                                ++++
 0:15.75 warning: hiding a lifetime that's elided elsewhere is confusing
 0:15.75   --> gfx\wr\webrender\src\util.rs:62:14
 0:15.75    |
 0:15.75 62 |     fn alloc(&mut self) -> Allocation<T>;
 0:15.75    |              ^^^^^^^^^     ^^^^^^^^^^^^^ the same lifetime is hidden here
 0:15.75    |              |
 0:15.75    |              the lifetime is elided here
 0:15.75    |
 0:15.75    = help: the same lifetime is referred to in inconsistent ways, making the signature confusing
 0:15.75 help: use `'_` for type paths
 0:15.75    |
 0:15.75 62 |     fn alloc(&mut self) -> Allocation<'_, T>;
 0:15.75    |                                       +++
 0:15.75 warning: hiding a lifetime that's elided elsewhere is confusing
 0:15.75   --> gfx\wr\webrender\src\util.rs:65:14
 0:15.75    |
 0:15.75 65 |     fn entry(&mut self, index: usize) -> VecEntry<T>;
 0:15.75    |              ^^^^^^^^^                   ^^^^^^^^^^^ the same lifetime is hidden here
 0:15.75    |              |
 0:15.75    |              the lifetime is elided here
 0:15.75    |
 0:15.75    = help: the same lifetime is referred to in inconsistent ways, making the signature confusing
 0:15.75 help: use `'_` for type paths
 0:15.75    |
 0:15.75 65 |     fn entry(&mut self, index: usize) -> VecEntry<'_, T>;
 0:15.75    |                                                   +++
 0:15.75 warning: hiding a lifetime that's elided elsewhere is confusing
 0:15.75   --> gfx\wr\webrender\src\util.rs:77:14
 0:15.75    |
 0:15.75 77 |     fn alloc(&mut self) -> Allocation<T> {
 0:15.75    |              ^^^^^^^^^     ^^^^^^^^^^^^^ the same lifetime is hidden here
 0:15.75    |              |
 0:15.75    |              the lifetime is elided here
 0:15.75    |
 0:15.75    = help: the same lifetime is referred to in inconsistent ways, making the signature confusing
 0:15.75 help: use `'_` for type paths
 0:15.75    |
 0:15.75 77 |     fn alloc(&mut self) -> Allocation<'_, T> {
 0:15.75    |                                       +++
 0:15.75 warning: hiding a lifetime that's elided elsewhere is confusing
 0:15.75   --> gfx\wr\webrender\src\util.rs:88:14
 0:15.75    |
 0:15.75 88 |     fn entry(&mut self, index: usize) -> VecEntry<T> {
 0:15.75    |              ^^^^^^^^^                   ^^^^^^^^^^^ the same lifetime is hidden here
 0:15.75    |              |
 0:15.75    |              the lifetime is elided here
 0:15.75    |
 0:15.75    = help: the same lifetime is referred to in inconsistent ways, making the signature confusing
 0:15.75 help: use `'_` for type paths
 0:15.75    |
 0:15.75 88 |     fn entry(&mut self, index: usize) -> VecEntry<'_, T> {
 0:15.75    |                                                   +++
 0:15.75 warning: hiding a lifetime that's elided elsewhere is confusing
 0:15.75     --> gfx\wr\webrender\src\util.rs:1058:25
 0:15.75      |
 0:15.75 1058 |     pub fn to_transform(&self) -> Cow<Transform3D<f32, Src, Dst>> {
 0:15.75      |                         ^^^^^     ^^^^^^^^^^^^^^^^^^^^^^^^^^^^^^^ the same lifetime is hidden here
 0:15.75      |                         |
 0:15.75      |                         the lifetime is elided here
 0:15.75      |
 0:15.75      = help: the same lifetime is referred to in inconsistent ways, making the signature confusing
 0:15.75 help: use `'_` for type paths
 0:15.75      |
 0:15.75 1058 |     pub fn to_transform(&self) -> Cow<'_, Transform3D<f32, Src, Dst>> {
 0:15.75      |                                       +++
 0:15.75 warning: `mime_guess` (lib) generated 2 warnings
 0:15.75 warning: `webrender` (lib) generated 18 warnings (run `cargo fix --lib -p webrender` to apply 15 suggestions)
 0:15.75 warning: unused import: `crate::values::generics::border::BorderCornerRadius`
 0:15.75      --> D:/mozilla/firefox/Skyfox/obj-x86_64-pc-windows-msvc\x86_64-pc-windows-msvc\release\build\style-6e86a323422f0acb\out/properties.rs:81742:9
 0:15.75       |
 0:15.75 81742 |     use crate::values::generics::border::BorderCornerRadius;
 0:15.75       |         ^^^^^^^^^^^^^^^^^^^^^^^^^^^^^^^^^^^^^^^^^^^^^^^^^^^
 0:15.75       |
 0:15.75       = note: `#[warn(unused_imports)]` (part of `#[warn(unused)]`) on by default
 0:15.75 warning: hiding a lifetime that's elided elsewhere is confusing
 0:15.75    --> servo\components\style\gecko_string_cache\mod.rs:206:14
 0:15.75     |
 0:15.75 206 |     fn chars(&self) -> DecodeUtf16<Cloned<slice::Iter<u16>>> {
 0:15.75     |              ^^^^^                        ^^^^^^^^^^^^^^^^ the same lifetime is hidden here
 0:15.75     |              |
 0:15.75     |              the lifetime is elided here
 0:15.75     |
 0:15.75     = help: the same lifetime is referred to in inconsistent ways, making the signature confusing
 0:15.75     = note: `#[warn(mismatched_lifetime_syntaxes)]` on by default
 0:15.75 help: use `'_` for type paths
 0:15.75     |
 0:15.75 206 |     fn chars(&self) -> DecodeUtf16<Cloned<slice::Iter<'_, u16>>> {
 0:15.75     |                                                       +++
 0:15.75 warning: hiding a lifetime that's elided elsewhere is confusing
 0:15.75   --> servo\components\style\animation.rs:55:24
 0:15.75    |
 0:15.75 55 |     pub fn property_id(&self) -> PropertyDeclarationId {
 0:15.75    |                        ^^^^^     ^^^^^^^^^^^^^^^^^^^^^ the same lifetime is hidden here
 0:15.75    |                        |
 0:15.75    |                        the lifetime is elided here
 0:15.75    |
 0:15.75    = help: the same lifetime is referred to in inconsistent ways, making the signature confusing
 0:15.75 help: use `'_` for type paths
 0:15.75    |
 0:15.75 55 |     pub fn property_id(&self) -> PropertyDeclarationId<'_> {
 0:15.75    |                                                       ++++
 0:15.75 warning: hiding a lifetime that's elided elsewhere is confusing
 0:15.75    --> servo\components\style\custom_properties_map.rs:112:13
 0:15.75     |
 0:15.75 112 |     fn iter(&self) -> Iter {
 0:15.75     |             ^^^^^     ^^^^ the same lifetime is hidden here
 0:15.75     |             |
 0:15.75     |             the lifetime is elided here
 0:15.75     |
 0:15.75     = help: the same lifetime is referred to in inconsistent ways, making the signature confusing
 0:15.75 help: use `'_` for type paths
 0:15.75     |
 0:15.75 112 |     fn iter(&self) -> Iter<'_> {
 0:15.75     |                           ++++
 0:15.75 warning: hiding a lifetime that's elided elsewhere is confusing
 0:15.75    --> servo\components\style\custom_properties_map.rs:218:17
 0:15.75     |
 0:15.75 218 |     pub fn iter(&self) -> Iter {
 0:15.75     |                 ^^^^^     ^^^^ the same lifetime is hidden here
 0:15.75     |                 |
 0:15.75     |                 the lifetime is elided here
 0:15.75     |
 0:15.75     = help: the same lifetime is referred to in inconsistent ways, making the signature confusing
 0:15.75 help: use `'_` for type paths
 0:15.75     |
 0:15.75 218 |     pub fn iter(&self) -> Iter<'_> {
 0:15.75     |                               ++++
 0:15.75 warning: hiding a lifetime that's elided elsewhere is confusing
 0:15.75    --> servo\components\style\dom.rs:480:24
 0:15.75     |
 0:15.75 480 |     fn style_attribute(&self) -> Option<ArcBorrow<Locked<PropertyDeclarationBlock>>>;
 0:15.75     |                        ^^^^^            ^^^^^^^^^^^^^^^^^^^^^^^^^^^^^^^^^^^^^^^^^^^ the same lifetime is hidden here
 0:15.75     |                        |
 0:15.75     |                        the lifetime is elided here
 0:15.75     |
 0:15.75     = help: the same lifetime is referred to in inconsistent ways, making the signature confusing
 0:15.75 help: use `'_` for type paths
 0:15.75     |
 0:15.75 480 |     fn style_attribute(&self) -> Option<ArcBorrow<'_, Locked<PropertyDeclarationBlock>>>;
 0:15.75     |                                                   +++
 0:15.75 warning: hiding a lifetime that's elided elsewhere is confusing
 0:15.75    --> servo\components\style\dom.rs:487:22
 0:15.75     |
 0:15.75 487 |     fn smil_override(&self) -> Option<ArcBorrow<Locked<PropertyDeclarationBlock>>> {
 0:15.75     |                      ^^^^^            ^^^^^^^^^^^^^^^^^^^^^^^^^^^^^^^^^^^^^^^^^^^ the same lifetime is hidden here
 0:15.75     |                      |
 0:15.75     |                      the lifetime is elided here
 0:15.75     |
 0:15.75     = help: the same lifetime is referred to in inconsistent ways, making the signature confusing
 0:15.75 help: use `'_` for type paths
 0:15.75     |
 0:15.75 487 |     fn smil_override(&self) -> Option<ArcBorrow<'_, Locked<PropertyDeclarationBlock>>> {
 0:15.76     |                                                 +++
 0:15.76 warning: hiding a lifetime that's elided elsewhere is confusing
 0:15.76    --> servo\components\style\dom.rs:690:27
 0:15.76     |
 0:15.76 690 |     unsafe fn ensure_data(&self) -> AtomicRefMut<ElementData>;
 0:15.76     |                           ^^^^^     ^^^^^^^^^^^^^^^^^^^^^^^^^ the same lifetime is hidden here
 0:15.76     |                           |
 0:15.76     |                           the lifetime is elided here
 0:15.76     |
 0:15.76     = help: the same lifetime is referred to in inconsistent ways, making the signature confusing
 0:15.76 help: use `'_` for type paths
 0:15.76     |
 0:15.76 690 |     unsafe fn ensure_data(&self) -> AtomicRefMut<'_, ElementData>;
 0:15.76     |                                                  +++
 0:15.76 warning: hiding a lifetime that's elided elsewhere is confusing
 0:15.76    --> servo\components\style\dom.rs:701:20
 0:15.76     |
 0:15.76 701 |     fn borrow_data(&self) -> Option<AtomicRef<ElementData>>;
 0:15.76     |                    ^^^^^            ^^^^^^^^^^^^^^^^^^^^^^ the same lifetime is hidden here
 0:15.76     |                    |
 0:15.76     |                    the lifetime is elided here
 0:15.76     |
 0:15.76     = help: the same lifetime is referred to in inconsistent ways, making the signature confusing
 0:15.76 help: use `'_` for type paths
 0:15.76     |
 0:15.76 701 |     fn borrow_data(&self) -> Option<AtomicRef<'_, ElementData>>;
 0:15.76     |                                               +++
 0:15.76 warning: hiding a lifetime that's elided elsewhere is confusing
 0:15.76    --> servo\components\style\dom.rs:704:20
 0:15.76     |
 0:15.76 704 |     fn mutate_data(&self) -> Option<AtomicRefMut<ElementData>>;
 0:15.76     |                    ^^^^^            ^^^^^^^^^^^^^^^^^^^^^^^^^ the same lifetime is hidden here
 0:15.76     |                    |
 0:15.76     |                    the lifetime is elided here
 0:15.76     |
 0:15.76     = help: the same lifetime is referred to in inconsistent ways, making the signature confusing
 0:15.76 help: use `'_` for type paths
 0:15.76     |
 0:15.76 704 |     fn mutate_data(&self) -> Option<AtomicRefMut<'_, ElementData>>;
 0:15.76     |                                                  +++
 0:15.76 warning: hiding a lifetime that's elided elsewhere is confusing
 0:15.76   --> servo\components\style\gecko_bindings\sugar\ns_style_auto_array.rs:39:21
 0:15.76    |
 0:15.76 39 |     pub fn iter_mut(&mut self) -> Chain<Once<&mut T>, IterMut<T>> {
 0:15.76    |                     ^^^^^^^^^                ^^^^^^   ^^^^^^^^^^ the same lifetime is hidden here
 0:15.76    |                     |                        |
 0:15.76    |                     |                        the same lifetime is elided here
 0:15.76    |                     the lifetime is elided here
 0:15.76    |
 0:15.76    = help: the same lifetime is referred to in inconsistent ways, making the signature confusing
 0:15.76 help: use `'_` for type paths
 0:15.76    |
 0:15.76 39 |     pub fn iter_mut(&mut self) -> Chain<Once<&mut T>, IterMut<'_, T>> {
 0:15.76    |                                                               +++
 0:15.76 warning: hiding a lifetime that's elided elsewhere is confusing
 0:15.76   --> servo\components\style\gecko_bindings\sugar\ns_style_auto_array.rs:44:17
 0:15.76    |
 0:15.76 44 |     pub fn iter(&self) -> Chain<Once<&T>, Iter<T>> {
 0:15.76    |                 ^^^^^                ^^   ^^^^^^^ the same lifetime is hidden here
 0:15.76    |                 |                    |
 0:15.76    |                 |                    the same lifetime is elided here
 0:15.76    |                 the lifetime is elided here
 0:15.76    |
 0:15.76    = help: the same lifetime is referred to in inconsistent ways, making the signature confusing
 0:15.76 help: use `'_` for type paths
 0:15.76    |
 0:15.76 44 |     pub fn iter(&self) -> Chain<Once<&T>, Iter<'_, T>> {
 0:15.76    |                                                +++
 0:15.76 warning: hiding a lifetime that's elided elsewhere is confusing
 0:15.76    --> servo\components\style\global_style_data.rs:134:17
 0:15.76     |
 0:15.76 134 |     pub fn pool(&self) -> RwLockReadGuard<Option<rayon::ThreadPool>> {
 0:15.76     |                 ^^^^^     ^^^^^^^^^^^^^^^^^^^^^^^^^^^^^^^^^^^^^^^^^^ the same lifetime is hidden here
 0:15.76     |                 |
 0:15.76     |                 the lifetime is elided here
 0:15.76     |
 0:15.76     = help: the same lifetime is referred to in inconsistent ways, making the signature confusing
 0:15.76 help: use `'_` for type paths
 0:15.76     |
 0:15.76 134 |     pub fn pool(&self) -> RwLockReadGuard<'_, Option<rayon::ThreadPool>> {
 0:15.76     |                                           +++
 0:15.76 warning: hiding a lifetime that's elided elsewhere is confusing
 0:15.76   --> servo\components\style\invalidation\element\invalidation_map.rs:77:17
 0:15.76    |
 0:15.76 77 |     fn selector(&self) -> SelectorIter<SelectorImpl> {
 0:15.76    |                 ^^^^^     ^^^^^^^^^^^^^^^^^^^^^^^^^^ the same lifetime is hidden here
 0:15.76    |                 |
 0:15.76    |                 the lifetime is elided here
 0:15.76    |
 0:15.76    = help: the same lifetime is referred to in inconsistent ways, making the signature confusing
 0:15.76 help: use `'_` for type paths
 0:15.76    |
 0:15.76 77 |     fn selector(&self) -> SelectorIter<'_, SelectorImpl> {
 0:15.76    |                                        +++
 0:15.76 warning: hiding a lifetime that's elided elsewhere is confusing
 0:15.76    --> servo\components\style\invalidation\element\invalidation_map.rs:237:17
 0:15.76     |
 0:15.76 237 |     fn selector(&self) -> SelectorIter<SelectorImpl> {
 0:15.76     |                 ^^^^^     ^^^^^^^^^^^^^^^^^^^^^^^^^^ the same lifetime is hidden here
 0:15.76     |                 |
 0:15.76     |                 the lifetime is elided here
 0:15.76     |
 0:15.76     = help: the same lifetime is referred to in inconsistent ways, making the signature confusing
 0:15.76 help: use `'_` for type paths
 0:15.76     |
 0:15.76 237 |     fn selector(&self) -> SelectorIter<'_, SelectorImpl> {
 0:15.76     |                                        +++
 0:15.76 warning: hiding a lifetime that's elided elsewhere is confusing
 0:15.76    --> servo\components\style\invalidation\element\invalidation_map.rs:334:17
 0:15.76     |
 0:15.76 334 |     fn selector(&self) -> SelectorIter<SelectorImpl> {
 0:15.76     |                 ^^^^^     ^^^^^^^^^^^^^^^^^^^^^^^^^^ the same lifetime is hidden here
 0:15.76     |                 |
 0:15.76     |                 the lifetime is elided here
 0:15.76     |
 0:15.76     = help: the same lifetime is referred to in inconsistent ways, making the signature confusing
 0:15.76 help: use `'_` for type paths
 0:15.76     |
 0:15.76 334 |     fn selector(&self) -> SelectorIter<'_, SelectorImpl> {
 0:15.76     |                                        +++
 0:15.76 warning: hiding a lifetime that's elided elsewhere is confusing
 0:15.76    --> servo\components\style\piecewise_linear.rs:141:17
 0:15.76     |
 0:15.76 141 |     pub fn iter(&self) -> Iter<PiecewiseLinearFunctionEntry> {
 0:15.76     |                 ^^^^^     ^^^^^^^^^^^^^^^^^^^^^^^^^^^^^^^^^^ the same lifetime is hidden here
 0:15.76     |                 |
 0:15.76     |                 the lifetime is elided here
 0:15.76     |
 0:15.76     = help: the same lifetime is referred to in inconsistent ways, making the signature confusing
 0:15.76 help: use `'_` for type paths
 0:15.76     |
 0:15.76 141 |     pub fn iter(&self) -> Iter<'_, PiecewiseLinearFunctionEntry> {
 0:15.76     |                                +++
 0:15.76 warning: hiding a lifetime that's elided elsewhere is confusing
 0:15.76    --> servo\components\style\properties_and_values\syntax\mod.rs:195:28
 0:15.76     |
 0:15.76 195 |     pub fn unpremultiplied(&self) -> Cow<Self> {
 0:15.76     |                            ^^^^^     ^^^^^^^^^ the same lifetime is hidden here
 0:15.76     |                            |
 0:15.76     |                            the lifetime is elided here
 0:15.76     |
 0:15.76     = help: the same lifetime is referred to in inconsistent ways, making the signature confusing
 0:15.76 help: use `'_` for type paths
 0:15.76     |
 0:15.76 195 |     pub fn unpremultiplied(&self) -> Cow<'_, Self> {
 0:15.76     |                                          +++
 0:15.76 warning: hiding a lifetime that's elided elsewhere is confusing
 0:15.76    --> servo\components\style\rule_tree\mod.rs:325:31
 0:15.76     |
 0:15.76 325 |     pub fn self_and_ancestors(&self) -> SelfAndAncestors {
 0:15.76     |                               ^^^^^     ^^^^^^^^^^^^^^^^ the same lifetime is hidden here
 0:15.76     |                               |
 0:15.76     |                               the lifetime is elided here
 0:15.76     |
 0:15.76     = help: the same lifetime is referred to in inconsistent ways, making the signature confusing
 0:15.76 help: use `'_` for type paths
 0:15.76     |
 0:15.76 325 |     pub fn self_and_ancestors(&self) -> SelfAndAncestors<'_> {
 0:15.76     |                                                         ++++
 0:15.76 warning: hiding a lifetime that's elided elsewhere is confusing
 0:15.76   --> servo\components\style\scoped_tls.rs:48:19
 0:15.76    |
 0:15.76 48 |     pub fn borrow(&self) -> Ref<Option<T>> {
 0:15.76    |                   ^^^^^     ^^^^^^^^^^^^^^ the same lifetime is hidden here
 0:15.76    |                   |
 0:15.76    |                   the lifetime is elided here
 0:15.76    |
 0:15.76    = help: the same lifetime is referred to in inconsistent ways, making the signature confusing
 0:15.76 help: use `'_` for type paths
 0:15.76    |
 0:15.76 48 |     pub fn borrow(&self) -> Ref<'_, Option<T>> {
 0:15.76    |                                 +++
 0:15.76 warning: hiding a lifetime that's elided elsewhere is confusing
 0:15.76   --> servo\components\style\scoped_tls.rs:54:23
 0:15.76    |
 0:15.76 54 |     pub fn borrow_mut(&self) -> RefMut<Option<T>> {
 0:15.76    |                       ^^^^^     ^^^^^^^^^^^^^^^^^ the same lifetime is hidden here
 0:15.76    |                       |
 0:15.76    |                       the lifetime is elided here
 0:15.76    |
 0:15.76    = help: the same lifetime is referred to in inconsistent ways, making the signature confusing
 0:15.76 help: use `'_` for type paths
 0:15.76    |
 0:15.76 54 |     pub fn borrow_mut(&self) -> RefMut<'_, Option<T>> {
 0:15.76    |                                        +++
 0:15.76 warning: hiding a lifetime that's elided elsewhere is confusing
 0:15.76   --> servo\components\style\scoped_tls.rs:66:46
 0:15.76    |
 0:15.76 66 |     pub fn ensure<F: FnOnce(&mut Option<T>)>(&self, f: F) -> RefMut<T> {
 0:15.76    |                                              ^^^^^           ^^^^^^^^^ the same lifetime is hidden here
 0:15.76    |                                              |
 0:15.76    |                                              the lifetime is elided here
 0:15.76    |
 0:15.76    = help: the same lifetime is referred to in inconsistent ways, making the signature confusing
 0:15.76 help: use `'_` for type paths
 0:15.76    |
 0:15.76 66 |     pub fn ensure<F: FnOnce(&mut Option<T>)>(&self, f: F) -> RefMut<'_, T> {
 0:15.76    |                                                                     +++
 0:15.76 warning: hiding a lifetime that's elided elsewhere is confusing
 0:15.76   --> servo\components\style\selector_map.rs:86:17
 0:15.76    |
 0:15.76 86 |     fn selector(&self) -> SelectorIter<SelectorImpl>;
 0:15.76    |                 ^^^^^     ^^^^^^^^^^^^^^^^^^^^^^^^^^ the same lifetime is hidden here
 0:15.76    |                 |
 0:15.76    |                 the lifetime is elided here
 0:15.76    |
 0:15.76    = help: the same lifetime is referred to in inconsistent ways, making the signature confusing
 0:15.76 help: use `'_` for type paths
 0:15.76    |
 0:15.76 86 |     fn selector(&self) -> SelectorIter<'_, SelectorImpl>;
 0:15.76    |                                        +++
 0:15.76 warning: hiding a lifetime that's elided elsewhere is confusing
 0:15.76    --> servo\components\style\selector_map.rs:854:9
 0:15.76     |
 0:15.76 854 |         &mut self,
 0:15.76     |         ^^^^^^^^^ the lifetime is elided here
 0:15.76 ...
 0:15.76 857 |     ) -> Result<hash_map::Entry<Atom, V>, AllocErr> {
 0:15.76     |                 ^^^^^^^^^^^^^^^^^^^^^^^^ the same lifetime is hidden here
 0:15.76     |
 0:15.76     = help: the same lifetime is referred to in inconsistent ways, making the signature confusing
 0:15.76 help: use `'_` for type paths
 0:15.76     |
 0:15.76 857 |     ) -> Result<hash_map::Entry<'_, Atom, V>, AllocErr> {
 0:15.76     |                                 +++
 0:15.76 warning: hiding a lifetime that's elided elsewhere is confusing
 0:15.76    --> servo\components\style\selector_map.rs:872:17
 0:15.76     |
 0:15.76 872 |     pub fn iter(&self) -> hash_map::Iter<Atom, V> {
 0:15.76     |                 ^^^^^     ^^^^^^^^^^^^^^^^^^^^^^^ the same lifetime is hidden here
 0:15.76     |                 |
 0:15.76     |                 the lifetime is elided here
 0:15.76     |
 0:15.77     = help: the same lifetime is referred to in inconsistent ways, making the signature confusing
 0:15.77 help: use `'_` for type paths
 0:15.77     |
 0:15.77 872 |     pub fn iter(&self) -> hash_map::Iter<'_, Atom, V> {
 0:15.77     |                                          +++
 0:15.77 warning: hiding a lifetime that's elided elsewhere is confusing
 0:15.77    --> servo\components\style\selector_parser.rs:176:17
 0:15.77     |
 0:15.77 176 |     pub fn iter(&self) -> std::slice::Iter<Option<T>> {
 0:15.77     |                 ^^^^^     ^^^^^^^^^^^^^^^^^^^^^^^^^^^ the same lifetime is hidden here
 0:15.77     |                 |
 0:15.77     |                 the lifetime is elided here
 0:15.77     |
 0:15.77     = help: the same lifetime is referred to in inconsistent ways, making the signature confusing
 0:15.77 help: use `'_` for type paths
 0:15.77     |
 0:15.77 176 |     pub fn iter(&self) -> std::slice::Iter<'_, Option<T>> {
 0:15.77     |                                            +++
 0:15.77 warning: hiding a lifetime that's elided elsewhere is confusing
 0:15.77    --> servo\components\style\selector_parser.rs:181:21
 0:15.77     |
 0:15.77 181 |     pub fn iter_mut(&mut self) -> std::slice::IterMut<Option<T>> {
 0:15.77     |                     ^^^^^^^^^     ^^^^^^^^^^^^^^^^^^^^^^^^^^^^^^ the same lifetime is hidden here
 0:15.77     |                     |
 0:15.77     |                     the lifetime is elided here
 0:15.77     |
 0:15.77     = help: the same lifetime is referred to in inconsistent ways, making the signature confusing
 0:15.77 help: use `'_` for type paths
 0:15.77     |
 0:15.77 181 |     pub fn iter_mut(&mut self) -> std::slice::IterMut<'_, Option<T>> {
 0:15.77     |                                                       +++
 0:15.77 warning: hiding a lifetime that's elided elsewhere is confusing
 0:15.77    --> servo\components\style\shared_lock.rs:123:17
 0:15.77     |
 0:15.77 123 |     pub fn read(&self) -> SharedRwLockReadGuard {
 0:15.77     |                 ^^^^^     ^^^^^^^^^^^^^^^^^^^^^ the same lifetime is hidden here
 0:15.77     |                 |
 0:15.77     |                 the lifetime is elided here
 0:15.77     |
 0:15.77     = help: the same lifetime is referred to in inconsistent ways, making the signature confusing
 0:15.77 help: use `'_` for type paths
 0:15.77     |
 0:15.77 123 |     pub fn read(&self) -> SharedRwLockReadGuard<'_> {
 0:15.77     |                                                ++++
 0:15.77 warning: hiding a lifetime that's elided elsewhere is confusing
 0:15.77    --> servo\components\style\shared_lock.rs:136:18
 0:15.77     |
 0:15.77 136 |     pub fn write(&self) -> SharedRwLockWriteGuard {
 0:15.77     |                  ^^^^^     ^^^^^^^^^^^^^^^^^^^^^^ the same lifetime is hidden here
 0:15.77     |                  |
 0:15.77     |                  the lifetime is elided here
 0:15.77     |
 0:15.77     = help: the same lifetime is referred to in inconsistent ways, making the signature confusing
 0:15.77 help: use `'_` for type paths
 0:15.77     |
 0:15.77 136 |     pub fn write(&self) -> SharedRwLockWriteGuard<'_> {
 0:15.77     |                                                  ++++
 0:15.77 warning: hiding a lifetime that's elided elsewhere is confusing
 0:15.77    --> servo\components\style\stylesheet_set.rs:162:25
 0:15.77     |
 0:15.77 162 |     pub fn flush_origin(&mut self, origin: Origin) -> SheetCollectionFlusher<S> {
 0:15.77     |                         ^^^^^^^^^                     ^^^^^^^^^^^^^^^^^^^^^^^^^ the same lifetime is hidden here
 0:15.77     |                         |
 0:15.77     |                         the lifetime is elided here
 0:15.77     |
 0:15.77     = help: the same lifetime is referred to in inconsistent ways, making the signature confusing
 0:15.77 help: use `'_` for type paths
 0:15.77     |
 0:15.77 162 |     pub fn flush_origin(&mut self, origin: Origin) -> SheetCollectionFlusher<'_, S> {
 0:15.77     |                                                                              +++
 0:15.77 warning: hiding a lifetime that's elided elsewhere is confusing
 0:15.77    --> servo\components\style\stylesheet_set.rs:169:26
 0:15.77     |
 0:15.77 169 |     pub fn origin_sheets(&mut self, origin: Origin) -> StylesheetCollectionIterator<S> {
 0:15.77     |                          ^^^^^^^^^                     ^^^^^^^^^^^^^^^^^^^^^^^^^^^^^^^ the same lifetime is hidden here
 0:15.77     |                          |
 0:15.77     |                          the lifetime is elided here
 0:15.77     |
 0:15.77     = help: the same lifetime is referred to in inconsistent ways, making the signature confusing
 0:15.77 help: use `'_` for type paths
 0:15.77     |
 0:15.77 169 |     pub fn origin_sheets(&mut self, origin: Origin) -> StylesheetCollectionIterator<'_, S> {
 0:15.77     |                                                                                     +++
 0:15.77 warning: hiding a lifetime that's elided elsewhere is confusing
 0:15.77    --> servo\components\style\stylesheet_set.rs:365:13
 0:15.77     |
 0:15.77 365 |     fn iter(&self) -> StylesheetCollectionIterator<S> {
 0:15.77     |             ^^^^^     ^^^^^^^^^^^^^^^^^^^^^^^^^^^^^^^ the same lifetime is hidden here
 0:15.77     |             |
 0:15.77     |             the lifetime is elided here
 0:15.77     |
 0:15.77     = help: the same lifetime is referred to in inconsistent ways, making the signature confusing
 0:15.77 help: use `'_` for type paths
 0:15.77     |
 0:15.77 365 |     fn iter(&self) -> StylesheetCollectionIterator<'_, S> {
 0:15.77     |                                                    +++
 0:15.77 warning: hiding a lifetime that's elided elsewhere is confusing
 0:15.77    --> servo\components\style\stylesheet_set.rs:369:14
 0:15.77     |
 0:15.77 369 |     fn flush(&mut self) -> SheetCollectionFlusher<S> {
 0:15.77     |              ^^^^^^^^^     ^^^^^^^^^^^^^^^^^^^^^^^^^ the same lifetime is hidden here
 0:15.77     |              |
 0:15.77     |              the lifetime is elided here
 0:15.77     |
 0:15.77     = help: the same lifetime is referred to in inconsistent ways, making the signature confusing
 0:15.77 help: use `'_` for type paths
 0:15.77     |
 0:15.77 369 |     fn flush(&mut self) -> SheetCollectionFlusher<'_, S> {
 0:15.77     |                                                   +++
 0:15.77 warning: hiding a lifetime that's elided elsewhere is confusing
 0:15.77    --> servo\components\style\stylesheet_set.rs:559:9
 0:15.77     |
 0:15.77 559 |         &mut self,
 0:15.77     |         ^^^^^^^^^ the lifetime is elided here
 0:15.77 ...
 0:15.77 562 |     ) -> DocumentStylesheetFlusher<S>
 0:15.77     |          ^^^^^^^^^^^^^^^^^^^^^^^^^^^^ the same lifetime is hidden here
 0:15.77     |
 0:15.77     = help: the same lifetime is referred to in inconsistent ways, making the signature confusing
 0:15.77 help: use `'_` for type paths
 0:15.77     |
 0:15.77 562 |     ) -> DocumentStylesheetFlusher<'_, S>
 0:15.77     |                                    +++
 0:15.77 warning: hiding a lifetime that's elided elsewhere is confusing
 0:15.77    --> servo\components\style\stylesheet_set.rs:594:17
 0:15.77     |
 0:15.77 594 |     pub fn iter(&self) -> StylesheetIterator<S> {
 0:15.77     |                 ^^^^^     ^^^^^^^^^^^^^^^^^^^^^ the same lifetime is hidden here
 0:15.77     |                 |
 0:15.77     |                 the lifetime is elided here
 0:15.77     |
 0:15.77     = help: the same lifetime is referred to in inconsistent ways, making the signature confusing
 0:15.77 help: use `'_` for type paths
 0:15.77     |
 0:15.77 594 |     pub fn iter(&self) -> StylesheetIterator<'_, S> {
 0:15.77     |                                              +++
 0:15.77 warning: hiding a lifetime that's elided elsewhere is confusing
 0:15.77    --> servo\components\style\stylesheet_set.rs:678:17
 0:15.77     |
 0:15.77 678 |     pub fn iter(&self) -> StylesheetCollectionIterator<S> {
 0:15.77     |                 ^^^^^     ^^^^^^^^^^^^^^^^^^^^^^^^^^^^^^^ the same lifetime is hidden here
 0:15.77     |                 |
 0:15.77     |                 the lifetime is elided here
 0:15.77     |
 0:15.77     = help: the same lifetime is referred to in inconsistent ways, making the signature confusing
 0:15.77 help: use `'_` for type paths
 0:15.77     |
 0:15.77 678 |     pub fn iter(&self) -> StylesheetCollectionIterator<'_, S> {
 0:15.77     |                                                        +++
 0:15.77 warning: hiding a lifetime that's elided elsewhere is confusing
 0:15.77    --> servo\components\style\stylesheet_set.rs:694:9
 0:15.77     |
 0:15.77 694 |         &mut self,
 0:15.77     |         ^^^^^^^^^ the lifetime is elided here
 0:15.77 ...
 0:15.77 697 |     ) -> AuthorStylesheetFlusher<S>
 0:15.77     |          ^^^^^^^^^^^^^^^^^^^^^^^^^^ the same lifetime is hidden here
 0:15.77     |
 0:15.77     = help: the same lifetime is referred to in inconsistent ways, making the signature confusing
 0:15.77 help: use `'_` for type paths
 0:15.77     |
 0:15.77 697 |     ) -> AuthorStylesheetFlusher<'_, S>
 0:15.77     |                                  +++
 0:15.77 warning: hiding a lifetime that's elided elsewhere is confusing
 0:15.77    --> servo\components\style\stylesheets\origin.rs:165:25
 0:15.77     |
 0:15.77 165 |     pub fn iter_origins(&self) -> PerOriginIter<T> {
 0:15.77     |                         ^^^^^     ^^^^^^^^^^^^^^^^ the same lifetime is hidden here
 0:15.77     |                         |
 0:15.77     |                         the lifetime is elided here
 0:15.77     |
 0:15.77     = help: the same lifetime is referred to in inconsistent ways, making the signature confusing
 0:15.77 help: use `'_` for type paths
 0:15.77     |
 0:15.77 165 |     pub fn iter_origins(&self) -> PerOriginIter<'_, T> {
 0:15.77     |                                                 +++
 0:15.77 warning: hiding a lifetime that's elided elsewhere is confusing
 0:15.77    --> servo\components\style\stylesheets\origin.rs:175:29
 0:15.77     |
 0:15.77 175 |     pub fn iter_origins_rev(&self) -> PerOriginIter<T> {
 0:15.77     |                             ^^^^^     ^^^^^^^^^^^^^^^^ the same lifetime is hidden here
 0:15.77     |                             |
 0:15.77     |                             the lifetime is elided here
 0:15.77     |
 0:15.77     = help: the same lifetime is referred to in inconsistent ways, making the signature confusing
 0:15.77 help: use `'_` for type paths
 0:15.77     |
 0:15.77 175 |     pub fn iter_origins_rev(&self) -> PerOriginIter<'_, T> {
 0:15.77     |                                                     +++
 0:15.77 warning: hiding a lifetime that's elided elsewhere is confusing
 0:15.77    --> servo\components\style\stylesheets\origin.rs:185:29
 0:15.77     |
 0:15.77 185 |     pub fn iter_mut_origins(&mut self) -> PerOriginIterMut<T> {
 0:15.77     |                             ^^^^^^^^^     ^^^^^^^^^^^^^^^^^^^ the same lifetime is hidden here
 0:15.77     |                             |
 0:15.77     |                             the lifetime is elided here
 0:15.77     |
 0:15.77     = help: the same lifetime is referred to in inconsistent ways, making the signature confusing
 0:15.77 help: use `'_` for type paths
 0:15.77     |
 0:15.77 185 |     pub fn iter_mut_origins(&mut self) -> PerOriginIterMut<'_, T> {
 0:15.77     |                                                            +++
 0:15.77 warning: hiding a lifetime that's elided elsewhere is confusing
 0:15.77    --> servo\components\style\stylist.rs:404:21
 0:15.77     |
 0:15.77 404 |     fn iter_origins(&self) -> DocumentCascadeDataIter {
 0:15.77     |                     ^^^^^     ^^^^^^^^^^^^^^^^^^^^^^^ the same lifetime is hidden here
 0:15.77     |                     |
 0:15.78     |                     the lifetime is elided here
 0:15.78     |
 0:15.78     = help: the same lifetime is referred to in inconsistent ways, making the signature confusing
 0:15.78 help: use `'_` for type paths
 0:15.78     |
 0:15.78 404 |     fn iter_origins(&self) -> DocumentCascadeDataIter<'_> {
 0:15.78     |                                                      ++++
 0:15.78 warning: hiding a lifetime that's elided elsewhere is confusing
 0:15.78    --> servo\components\style\stylist.rs:411:25
 0:15.78     |
 0:15.78 411 |     fn iter_origins_rev(&self) -> DocumentCascadeDataIter {
 0:15.78     |                         ^^^^^     ^^^^^^^^^^^^^^^^^^^^^^^ the same lifetime is hidden here
 0:15.78     |                         |
 0:15.78     |                         the lifetime is elided here
 0:15.78     |
 0:15.78     = help: the same lifetime is referred to in inconsistent ways, making the signature confusing
 0:15.78 help: use `'_` for type paths
 0:15.78     |
 0:15.78 411 |     fn iter_origins_rev(&self) -> DocumentCascadeDataIter<'_> {
 0:15.78     |                                                          ++++
 0:15.78 warning: hiding a lifetime that's elided elsewhere is confusing
 0:15.78    --> servo\components\style\stylist.rs:754:25
 0:15.78     |
 0:15.78 754 |     pub fn iter_origins(&self) -> DocumentCascadeDataIter {
 0:15.78     |                         ^^^^^     ^^^^^^^^^^^^^^^^^^^^^^^ the same lifetime is hidden here
 0:15.78     |                         |
 0:15.78     |                         the lifetime is elided here
 0:15.78     |
 0:15.78     = help: the same lifetime is referred to in inconsistent ways, making the signature confusing
 0:15.78 help: use `'_` for type paths
 0:15.78     |
 0:15.78 754 |     pub fn iter_origins(&self) -> DocumentCascadeDataIter<'_> {
 0:15.78     |                                                          ++++
 0:15.78 warning: hiding a lifetime that's elided elsewhere is confusing
 0:15.78    --> servo\components\style\stylist.rs:856:36
 0:15.78     |
 0:15.78 856 |     pub fn iter_extra_data_origins(&self) -> ExtraStyleDataIterator {
 0:15.78     |                                    ^^^^^     ^^^^^^^^^^^^^^^^^^^^^^ the same lifetime is hidden here
 0:15.78     |                                    |
 0:15.78     |                                    the lifetime is elided here
 0:15.78     |
 0:15.78     = help: the same lifetime is referred to in inconsistent ways, making the signature confusing
 0:15.78 help: use `'_` for type paths
 0:15.78     |
 0:15.78 856 |     pub fn iter_extra_data_origins(&self) -> ExtraStyleDataIterator<'_> {
 0:15.78     |                                                                    ++++
 0:15.78 warning: hiding a lifetime that's elided elsewhere is confusing
 0:15.78    --> servo\components\style\stylist.rs:862:40
 0:15.78     |
 0:15.78 862 |     pub fn iter_extra_data_origins_rev(&self) -> ExtraStyleDataIterator {
 0:15.78     |                                        ^^^^^     ^^^^^^^^^^^^^^^^^^^^^^ the same lifetime is hidden here
 0:15.78     |                                        |
 0:15.78     |                                        the lifetime is elided here
 0:15.78     |
 0:15.78     = help: the same lifetime is referred to in inconsistent ways, making the signature confusing
 0:15.78 help: use `'_` for type paths
 0:15.78     |
 0:15.78 862 |     pub fn iter_extra_data_origins_rev(&self) -> ExtraStyleDataIterator<'_> {
 0:15.78     |                                                                        ++++
 0:15.78 warning: hiding a lifetime that's elided elsewhere is confusing
 0:15.78     --> servo\components\style\stylist.rs:2116:17
 0:15.78      |
 0:15.78 2116 |     fn selector(&self) -> SelectorIter<SelectorImpl> {
 0:15.78      |                 ^^^^^     ^^^^^^^^^^^^^^^^^^^^^^^^^^ the same lifetime is hidden here
 0:15.78      |                 |
 0:15.78      |                 the lifetime is elided here
 0:15.78      |
 0:15.78      = help: the same lifetime is referred to in inconsistent ways, making the signature confusing
 0:15.78 help: use `'_` for type paths
 0:15.78      |
 0:15.78 2116 |     fn selector(&self) -> SelectorIter<'_, SelectorImpl> {
 0:15.78      |                                        +++
 0:15.78 warning: hiding a lifetime that's elided elsewhere is confusing
 0:15.78     --> servo\components\style\stylist.rs:4105:17
 0:15.78      |
 0:15.78 4105 |     fn selector(&self) -> SelectorIter<SelectorImpl> {
 0:15.78      |                 ^^^^^     ^^^^^^^^^^^^^^^^^^^^^^^^^^ the same lifetime is hidden here
 0:15.78      |                 |
 0:15.78      |                 the lifetime is elided here
 0:15.78      |
 0:15.78      = help: the same lifetime is referred to in inconsistent ways, making the signature confusing
 0:15.78 help: use `'_` for type paths
 0:15.78      |
 0:15.78 4105 |     fn selector(&self) -> SelectorIter<'_, SelectorImpl> {
 0:15.78      |                                        +++
 0:15.78 warning: hiding a lifetime that's elided elsewhere is confusing
 0:15.78    --> servo\components\style\traversal.rs:267:23
 0:15.78     |
 0:15.78 267 |     fn shared_context(&self) -> &SharedStyleContext;
 0:15.78     |                       ^^^^^     ^^^^^^^^^^^^^^^^^^^
 0:15.78     |                       |         ||
 0:15.78     |                       |         |the same lifetime is hidden here
 0:15.78     |                       |         the same lifetime is elided here
 0:15.78     |                       the lifetime is elided here
 0:15.78     |
 0:15.78     = help: the same lifetime is referred to in inconsistent ways, making the signature confusing
 0:15.78 help: use `'_` for type paths
 0:15.78     |
 0:15.78 267 |     fn shared_context(&self) -> &SharedStyleContext<'_>;
 0:15.78     |                                                    ++++
 0:15.78 warning: hiding a lifetime that's elided elsewhere is confusing
 0:15.78    --> servo\components\style\values\computed\mod.rs:429:18
 0:15.78     |
 0:15.78 429 |     pub fn style(&self) -> &StyleBuilder {
 0:15.78     |                  ^^^^^     ^^^^^^^^^^^^^
 0:15.78     |                  |         ||
 0:15.78     |                  |         |the same lifetime is hidden here
 0:15.78     |                  |         the same lifetime is elided here
 0:15.78     |                  the lifetime is elided here
 0:15.78     |
 0:15.78     = help: the same lifetime is referred to in inconsistent ways, making the signature confusing
 0:15.78 help: use `'_` for type paths
 0:15.78     |
 0:15.78 429 |     pub fn style(&self) -> &StyleBuilder<'_> {
 0:15.78     |                                         ++++
 0:15.78 warning: hiding a lifetime that's elided elsewhere is confusing
 0:15.78    --> servo\components\style\properties\mod.rs:441:25
 0:15.78     |
 0:15.78 441 |     pub fn as_shorthand(&self) -> Result<ShorthandId, PropertyDeclarationId> {
 0:15.78     |                         ^^^^^                         ^^^^^^^^^^^^^^^^^^^^^ the same lifetime is hidden here
 0:15.78     |                         |
 0:15.78     |                         the lifetime is elided here
 0:15.78     |
 0:15.78     = help: the same lifetime is referred to in inconsistent ways, making the signature confusing
 0:15.78 help: use `'_` for type paths
 0:15.78     |
 0:15.78 441 |     pub fn as_shorthand(&self) -> Result<ShorthandId, PropertyDeclarationId<'_>> {
 0:15.78     |                                                                            ++++
 0:15.78 warning: hiding a lifetime that's elided elsewhere is confusing
 0:15.78    --> servo\components\style\properties\mod.rs:954:24
 0:15.78     |
 0:15.78 954 |     pub fn as_borrowed(&self) -> PropertyDeclarationId {
 0:15.78     |                        ^^^^^     ^^^^^^^^^^^^^^^^^^^^^ the same lifetime is hidden here
 0:15.78     |                        |
 0:15.78     |                        the lifetime is elided here
 0:15.78     |
 0:15.78     = help: the same lifetime is referred to in inconsistent ways, making the signature confusing
 0:15.78 help: use `'_` for type paths
 0:15.78     |
 0:15.78 954 |     pub fn as_borrowed(&self) -> PropertyDeclarationId<'_> {
 0:15.78     |                                                       ++++
 0:15.78 warning: hiding a lifetime that's elided elsewhere is confusing
 0:15.78     --> servo\components\style\properties\mod.rs:1185:17
 0:15.78      |
 0:15.78 1185 |     pub fn iter(&self) -> LonghandIdSetIterator {
 0:15.78      |                 ^^^^^     ^^^^^^^^^^^^^^^^^^^^^ the same lifetime is hidden here
 0:15.78      |                 |
 0:15.78      |                 the lifetime is elided here
 0:15.78      |
 0:15.78      = help: the same lifetime is referred to in inconsistent ways, making the signature confusing
 0:15.78 help: use `'_` for type paths
 0:15.78      |
 0:15.78 1185 |     pub fn iter(&self) -> LonghandIdSetIterator<'_> {
 0:15.78      |                                                ++++
 0:15.78 warning: hiding a lifetime that's elided elsewhere is confusing
 0:15.78     --> servo\components\style\properties\mod.rs:1319:18
 0:15.78      |
 0:15.78 1319 |     pub fn drain(&mut self) -> SourcePropertyDeclarationDrain {
 0:15.78      |                  ^^^^^^^^^     ^^^^^^^^^^^^^^^^^^^^^^^^^^^^^^ the same lifetime is hidden here
 0:15.78      |                  |
 0:15.78      |                  the lifetime is elided here
 0:15.78      |
 0:15.78      = help: the same lifetime is referred to in inconsistent ways, making the signature confusing
 0:15.78 help: use `'_` for type paths
 0:15.78      |
 0:15.78 1319 |     pub fn drain(&mut self) -> SourcePropertyDeclarationDrain<'_> {
 0:15.78      |                                                              ++++
 0:15.78 warning: hiding a lifetime that's elided elsewhere is confusing
 0:15.78     --> servo\components\style\properties\mod.rs:1529:25
 0:15.78      |
 0:15.78 1529 |     pub fn declarations(&self) -> AllShorthandDeclarationIterator {
 0:15.78      |                         ^^^^^     ^^^^^^^^^^^^^^^^^^^^^^^^^^^^^^^ the same lifetime is hidden here
 0:15.78      |                         |
 0:15.78      |                         the lifetime is elided here
 0:15.78      |
 0:15.78      = help: the same lifetime is referred to in inconsistent ways, making the signature confusing
 0:15.78 help: use `'_` for type paths
 0:15.78      |
 0:15.78 1529 |     pub fn declarations(&self) -> AllShorthandDeclarationIterator<'_> {
 0:15.78      |                                                                  ++++
 0:15.78 warning: hiding a lifetime that's elided elsewhere is confusing
 0:15.78    --> servo\components\style\properties\declaration_block.rs:194:17
 0:15.78     |
 0:15.78 194 |     pub fn iter(&self) -> PropertyDeclarationIdSetIterator {
 0:15.78     |                 ^^^^^     ^^^^^^^^^^^^^^^^^^^^^^^^^^^^^^^^ the same lifetime is hidden here
 0:15.78     |                 |
 0:15.78     |                 the lifetime is elided here
 0:15.78     |
 0:15.78     = help: the same lifetime is referred to in inconsistent ways, making the signature confusing
 0:15.78 help: use `'_` for type paths
 0:15.78     |
 0:15.78 194 |     pub fn iter(&self) -> PropertyDeclarationIdSetIterator<'_> {
 0:15.78     |                                                           ++++
 0:15.78 warning: hiding a lifetime that's elided elsewhere is confusing
 0:15.78    --> servo\components\style\properties\declaration_block.rs:403:40
 0:15.78     |
 0:15.78 403 |     pub fn declaration_importance_iter(&self) -> DeclarationImportanceIterator {
 0:15.78     |                                        ^^^^^     ^^^^^^^^^^^^^^^^^^^^^^^^^^^^^ the same lifetime is hidden here
 0:15.78     |                                        |
 0:15.78     |                                        the lifetime is elided here
 0:15.78     |
 0:15.78     = help: the same lifetime is referred to in inconsistent ways, making the signature confusing
 0:15.78 help: use `'_` for type paths
 0:15.78     |
 0:15.78 403 |     pub fn declaration_importance_iter(&self) -> DeclarationImportanceIterator<'_> {
 0:15.78     |                                                                               ++++
 0:15.78 warning: hiding a lifetime that's elided elsewhere is confusing
 0:15.78       --> D:/mozilla/firefox/Skyfox/obj-x86_64-pc-windows-msvc\x86_64-pc-windows-msvc\release\build\style-6e86a323422f0acb\out/properties.rs:134750:15
 0:15.78        |
 0:15.78 134750 |     pub fn id(&self) -> PropertyDeclarationId {
 0:15.78        |               ^^^^^     ^^^^^^^^^^^^^^^^^^^^^ the same lifetime is hidden here
 0:15.78        |               |
 0:15.78        |               the lifetime is elided here
 0:15.78        |
 0:15.78        = help: the same lifetime is referred to in inconsistent ways, making the signature confusing
 0:15.78 help: use `'_` for type paths
 0:15.78        |
 0:15.78 134750 |     pub fn id(&self) -> PropertyDeclarationId<'_> {
 0:15.78        |                                              ++++
 0:15.79 warning: hiding a lifetime that's elided elsewhere is confusing
 0:15.79       --> D:/mozilla/firefox/Skyfox/obj-x86_64-pc-windows-msvc\x86_64-pc-windows-msvc\release\build\style-6e86a323422f0acb\out/properties.rs:146307:49
 0:15.79        |
 0:15.79 146307 |                 pub fn transition_duration_iter(&self) -> TransitionDurationIter {
 0:15.79        |                                                 ^^^^^     ^^^^^^^^^^^^^^^^^^^^^^ the same lifetime is hidden here
 0:15.79        |                                                 |
 0:15.79        |                                                 the lifetime is elided here
 0:15.79        |
 0:15.79        = help: the same lifetime is referred to in inconsistent ways, making the signature confusing
 0:15.79 help: use `'_` for type paths
 0:15.79        |
 0:15.79 146307 |                 pub fn transition_duration_iter(&self) -> TransitionDurationIter<'_> {
 0:15.79        |                                                                                 ++++
 0:15.79 warning: hiding a lifetime that's elided elsewhere is confusing
 0:15.79       --> D:/mozilla/firefox/Skyfox/obj-x86_64-pc-windows-msvc\x86_64-pc-windows-msvc\release\build\style-6e86a323422f0acb\out/properties.rs:146337:56
 0:15.79        |
 0:15.79 146337 |                 pub fn transition_timing_function_iter(&self) -> TransitionTimingFunctionIter {
 0:15.79        |                                                        ^^^^^     ^^^^^^^^^^^^^^^^^^^^^^^^^^^^ the same lifetime is hidden here
 0:15.79        |                                                        |
 0:15.79        |                                                        the lifetime is elided here
 0:15.79        |
 0:15.79        = help: the same lifetime is referred to in inconsistent ways, making the signature confusing
 0:15.79 help: use `'_` for type paths
 0:15.79        |
 0:15.79 146337 |                 pub fn transition_timing_function_iter(&self) -> TransitionTimingFunctionIter<'_> {
 0:15.79        |                                                                                              ++++
 0:15.79 warning: hiding a lifetime that's elided elsewhere is confusing
 0:15.79       --> D:/mozilla/firefox/Skyfox/obj-x86_64-pc-windows-msvc\x86_64-pc-windows-msvc\release\build\style-6e86a323422f0acb\out/properties.rs:146367:49
 0:15.79        |
 0:15.79 146367 |                 pub fn transition_property_iter(&self) -> TransitionPropertyIter {
 0:15.79        |                                                 ^^^^^     ^^^^^^^^^^^^^^^^^^^^^^ the same lifetime is hidden here
 0:15.79        |                                                 |
 0:15.79        |                                                 the lifetime is elided here
 0:15.79        |
 0:15.79        = help: the same lifetime is referred to in inconsistent ways, making the signature confusing
 0:15.79 help: use `'_` for type paths
 0:15.79        |
 0:15.79 146367 |                 pub fn transition_property_iter(&self) -> TransitionPropertyIter<'_> {
 0:15.79        |                                                                                 ++++
 0:15.79 warning: hiding a lifetime that's elided elsewhere is confusing
 0:15.79       --> D:/mozilla/firefox/Skyfox/obj-x86_64-pc-windows-msvc\x86_64-pc-windows-msvc\release\build\style-6e86a323422f0acb\out/properties.rs:146397:46
 0:15.79        |
 0:15.79 146397 |                 pub fn transition_delay_iter(&self) -> TransitionDelayIter {
 0:15.79        |                                              ^^^^^     ^^^^^^^^^^^^^^^^^^^ the same lifetime is hidden here
 0:15.79        |                                              |
 0:15.79        |                                              the lifetime is elided here
 0:15.79        |
 0:15.79        = help: the same lifetime is referred to in inconsistent ways, making the signature confusing
 0:15.79 help: use `'_` for type paths
 0:15.79        |
 0:15.79 146397 |                 pub fn transition_delay_iter(&self) -> TransitionDelayIter<'_> {
 0:15.79        |                                                                           ++++
 0:15.79 warning: hiding a lifetime that's elided elsewhere is confusing
 0:15.79       --> D:/mozilla/firefox/Skyfox/obj-x86_64-pc-windows-msvc\x86_64-pc-windows-msvc\release\build\style-6e86a323422f0acb\out/properties.rs:146427:49
 0:15.79        |
 0:15.79 146427 |                 pub fn transition_behavior_iter(&self) -> TransitionBehaviorIter {
 0:15.79        |                                                 ^^^^^     ^^^^^^^^^^^^^^^^^^^^^^ the same lifetime is hidden here
 0:15.79        |                                                 |
 0:15.79        |                                                 the lifetime is elided here
 0:15.79        |
 0:15.79        = help: the same lifetime is referred to in inconsistent ways, making the signature confusing
 0:15.79 help: use `'_` for type paths
 0:15.79        |
 0:15.79 146427 |                 pub fn transition_behavior_iter(&self) -> TransitionBehaviorIter<'_> {
 0:15.79        |                                                                                 ++++
 0:15.79 warning: hiding a lifetime that's elided elsewhere is confusing
 0:15.79       --> D:/mozilla/firefox/Skyfox/obj-x86_64-pc-windows-msvc\x86_64-pc-windows-msvc\release\build\style-6e86a323422f0acb\out/properties.rs:146457:44
 0:15.79        |
 0:15.79 146457 |                 pub fn animation_name_iter(&self) -> AnimationNameIter {
 0:15.79        |                                            ^^^^^     ^^^^^^^^^^^^^^^^^ the same lifetime is hidden here
 0:15.79        |                                            |
 0:15.79        |                                            the lifetime is elided here
 0:15.79        |
 0:15.79        = help: the same lifetime is referred to in inconsistent ways, making the signature confusing
 0:15.79 help: use `'_` for type paths
 0:15.79        |
 0:15.79 146457 |                 pub fn animation_name_iter(&self) -> AnimationNameIter<'_> {
 0:15.79        |                                                                       ++++
 0:15.79 warning: hiding a lifetime that's elided elsewhere is confusing
 0:15.79       --> D:/mozilla/firefox/Skyfox/obj-x86_64-pc-windows-msvc\x86_64-pc-windows-msvc\release\build\style-6e86a323422f0acb\out/properties.rs:146487:48
 0:15.79        |
 0:15.79 146487 |                 pub fn animation_duration_iter(&self) -> AnimationDurationIter {
 0:15.79        |                                                ^^^^^     ^^^^^^^^^^^^^^^^^^^^^ the same lifetime is hidden here
 0:15.79        |                                                |
 0:15.79        |                                                the lifetime is elided here
 0:15.79        |
 0:15.79        = help: the same lifetime is referred to in inconsistent ways, making the signature confusing
 0:15.79 help: use `'_` for type paths
 0:15.79        |
 0:15.79 146487 |                 pub fn animation_duration_iter(&self) -> AnimationDurationIter<'_> {
 0:15.79        |                                                                               ++++
 0:15.79 warning: hiding a lifetime that's elided elsewhere is confusing
 0:15.79       --> D:/mozilla/firefox/Skyfox/obj-x86_64-pc-windows-msvc\x86_64-pc-windows-msvc\release\build\style-6e86a323422f0acb\out/properties.rs:146517:55
 0:15.79        |
 0:15.79 146517 |                 pub fn animation_timing_function_iter(&self) -> AnimationTimingFunctionIter {
 0:15.79        |                                                       ^^^^^     ^^^^^^^^^^^^^^^^^^^^^^^^^^^ the same lifetime is hidden here
 0:15.79        |                                                       |
 0:15.79        |                                                       the lifetime is elided here
 0:15.79        |
 0:15.79        = help: the same lifetime is referred to in inconsistent ways, making the signature confusing
 0:15.79 help: use `'_` for type paths
 0:15.79        |
 0:15.79 146517 |                 pub fn animation_timing_function_iter(&self) -> AnimationTimingFunctionIter<'_> {
 0:15.79        |                                                                                            ++++
 0:15.79 warning: hiding a lifetime that's elided elsewhere is confusing
 0:15.79       --> D:/mozilla/firefox/Skyfox/obj-x86_64-pc-windows-msvc\x86_64-pc-windows-msvc\release\build\style-6e86a323422f0acb\out/properties.rs:146547:55
 0:15.79        |
 0:15.79 146547 |                 pub fn animation_iteration_count_iter(&self) -> AnimationIterationCountIter {
 0:15.79        |                                                       ^^^^^     ^^^^^^^^^^^^^^^^^^^^^^^^^^^ the same lifetime is hidden here
 0:15.79        |                                                       |
 0:15.79        |                                                       the lifetime is elided here
 0:15.79        |
 0:15.79        = help: the same lifetime is referred to in inconsistent ways, making the signature confusing
 0:15.79 help: use `'_` for type paths
 0:15.79        |
 0:15.79 146547 |                 pub fn animation_iteration_count_iter(&self) -> AnimationIterationCountIter<'_> {
 0:15.79        |                                                                                            ++++
 0:15.79 warning: hiding a lifetime that's elided elsewhere is confusing
 0:15.79       --> D:/mozilla/firefox/Skyfox/obj-x86_64-pc-windows-msvc\x86_64-pc-windows-msvc\release\build\style-6e86a323422f0acb\out/properties.rs:146577:49
 0:15.79        |
 0:15.79 146577 |                 pub fn animation_direction_iter(&self) -> AnimationDirectionIter {
 0:15.79        |                                                 ^^^^^     ^^^^^^^^^^^^^^^^^^^^^^ the same lifetime is hidden here
 0:15.79        |                                                 |
 0:15.79        |                                                 the lifetime is elided here
 0:15.79        |
 0:15.79        = help: the same lifetime is referred to in inconsistent ways, making the signature confusing
 0:15.79 help: use `'_` for type paths
 0:15.79        |
 0:15.79 146577 |                 pub fn animation_direction_iter(&self) -> AnimationDirectionIter<'_> {
 0:15.79        |                                                                                 ++++
 0:15.79 warning: hiding a lifetime that's elided elsewhere is confusing
 0:15.79       --> D:/mozilla/firefox/Skyfox/obj-x86_64-pc-windows-msvc\x86_64-pc-windows-msvc\release\build\style-6e86a323422f0acb\out/properties.rs:146607:50
 0:15.79        |
 0:15.79 146607 |                 pub fn animation_play_state_iter(&self) -> AnimationPlayStateIter {
 0:15.79        |                                                  ^^^^^     ^^^^^^^^^^^^^^^^^^^^^^ the same lifetime is hidden here
 0:15.79        |                                                  |
 0:15.79        |                                                  the lifetime is elided here
 0:15.79        |
 0:15.79        = help: the same lifetime is referred to in inconsistent ways, making the signature confusing
 0:15.79 help: use `'_` for type paths
 0:15.79        |
 0:15.79 146607 |                 pub fn animation_play_state_iter(&self) -> AnimationPlayStateIter<'_> {
 0:15.79        |                                                                                  ++++
 0:15.79 warning: hiding a lifetime that's elided elsewhere is confusing
 0:15.79       --> D:/mozilla/firefox/Skyfox/obj-x86_64-pc-windows-msvc\x86_64-pc-windows-msvc\release\build\style-6e86a323422f0acb\out/properties.rs:146637:49
 0:15.79        |
 0:15.79 146637 |                 pub fn animation_fill_mode_iter(&self) -> AnimationFillModeIter {
 0:15.79        |                                                 ^^^^^     ^^^^^^^^^^^^^^^^^^^^^ the same lifetime is hidden here
 0:15.79        |                                                 |
 0:15.79        |                                                 the lifetime is elided here
 0:15.79        |
 0:15.79        = help: the same lifetime is referred to in inconsistent ways, making the signature confusing
 0:15.79 help: use `'_` for type paths
 0:15.79        |
 0:15.79 146637 |                 pub fn animation_fill_mode_iter(&self) -> AnimationFillModeIter<'_> {
 0:15.79        |                                                                                ++++
 0:15.79 warning: hiding a lifetime that's elided elsewhere is confusing
 0:15.79       --> D:/mozilla/firefox/Skyfox/obj-x86_64-pc-windows-msvc\x86_64-pc-windows-msvc\release\build\style-6e86a323422f0acb\out/properties.rs:146667:51
 0:15.79        |
 0:15.79 146667 |                 pub fn animation_composition_iter(&self) -> AnimationCompositionIter {
 0:15.79        |                                                   ^^^^^     ^^^^^^^^^^^^^^^^^^^^^^^^ the same lifetime is hidden here
 0:15.79        |                                                   |
 0:15.79        |                                                   the lifetime is elided here
 0:15.79        |
 0:15.79        = help: the same lifetime is referred to in inconsistent ways, making the signature confusing
 0:15.79 help: use `'_` for type paths
 0:15.79        |
 0:15.79 146667 |                 pub fn animation_composition_iter(&self) -> AnimationCompositionIter<'_> {
 0:15.79        |                                                                                     ++++
 0:15.79 warning: hiding a lifetime that's elided elsewhere is confusing
 0:15.79       --> D:/mozilla/firefox/Skyfox/obj-x86_64-pc-windows-msvc\x86_64-pc-windows-msvc\release\build\style-6e86a323422f0acb\out/properties.rs:146697:45
 0:15.79        |
 0:15.79 146697 |                 pub fn animation_delay_iter(&self) -> AnimationDelayIter {
 0:15.79        |                                             ^^^^^     ^^^^^^^^^^^^^^^^^^ the same lifetime is hidden here
 0:15.79        |                                             |
 0:15.79        |                                             the lifetime is elided here
 0:15.79        |
 0:15.79        = help: the same lifetime is referred to in inconsistent ways, making the signature confusing
 0:15.79 help: use `'_` for type paths
 0:15.79        |
 0:15.79 146697 |                 pub fn animation_delay_iter(&self) -> AnimationDelayIter<'_> {
 0:15.79        |                                                                         ++++
 0:15.79 warning: hiding a lifetime that's elided elsewhere is confusing
 0:15.79       --> D:/mozilla/firefox/Skyfox/obj-x86_64-pc-windows-msvc\x86_64-pc-windows-msvc\release\build\style-6e86a323422f0acb\out/properties.rs:146727:48
 0:15.79        |
 0:15.79 146727 |                 pub fn animation_timeline_iter(&self) -> AnimationTimelineIter {
 0:15.79        |                                                ^^^^^     ^^^^^^^^^^^^^^^^^^^^^ the same lifetime is hidden here
 0:15.79        |                                                |
 0:15.79        |                                                the lifetime is elided here
 0:15.79        |
 0:15.79        = help: the same lifetime is referred to in inconsistent ways, making the signature confusing
 0:15.79 help: use `'_` for type paths
 0:15.79        |
 0:15.79 146727 |                 pub fn animation_timeline_iter(&self) -> AnimationTimelineIter<'_> {
 0:15.79        |                                                                               ++++
 0:15.79 warning: hiding a lifetime that's elided elsewhere is confusing
 0:15.79       --> D:/mozilla/firefox/Skyfox/obj-x86_64-pc-windows-msvc\x86_64-pc-windows-msvc\release\build\style-6e86a323422f0acb\out/properties.rs:146757:50
 0:15.79        |
 0:15.79 146757 |                 pub fn scroll_timeline_name_iter(&self) -> ScrollTimelineNameIter {
 0:15.79        |                                                  ^^^^^     ^^^^^^^^^^^^^^^^^^^^^^ the same lifetime is hidden here
 0:15.79        |                                                  |
 0:15.79        |                                                  the lifetime is elided here
 0:15.79        |
 0:15.79        = help: the same lifetime is referred to in inconsistent ways, making the signature confusing
 0:15.79 help: use `'_` for type paths
 0:15.79        |
 0:15.79 146757 |                 pub fn scroll_timeline_name_iter(&self) -> ScrollTimelineNameIter<'_> {
 0:15.79        |                                                                                  ++++
 0:15.79 warning: hiding a lifetime that's elided elsewhere is confusing
 0:15.79       --> D:/mozilla/firefox/Skyfox/obj-x86_64-pc-windows-msvc\x86_64-pc-windows-msvc\release\build\style-6e86a323422f0acb\out/properties.rs:146787:50
 0:15.79        |
 0:15.79 146787 |                 pub fn scroll_timeline_axis_iter(&self) -> ScrollTimelineAxisIter {
 0:15.79        |                                                  ^^^^^     ^^^^^^^^^^^^^^^^^^^^^^ the same lifetime is hidden here
 0:15.79        |                                                  |
 0:15.79        |                                                  the lifetime is elided here
 0:15.79        |
 0:15.79        = help: the same lifetime is referred to in inconsistent ways, making the signature confusing
 0:15.79 help: use `'_` for type paths
 0:15.79        |
 0:15.79 146787 |                 pub fn scroll_timeline_axis_iter(&self) -> ScrollTimelineAxisIter<'_> {
 0:15.79        |                                                                                  ++++
 0:15.79 warning: hiding a lifetime that's elided elsewhere is confusing
 0:15.79       --> D:/mozilla/firefox/Skyfox/obj-x86_64-pc-windows-msvc\x86_64-pc-windows-msvc\release\build\style-6e86a323422f0acb\out/properties.rs:146817:48
 0:15.79        |
 0:15.79 146817 |                 pub fn view_timeline_name_iter(&self) -> ViewTimelineNameIter {
 0:15.79        |                                                ^^^^^     ^^^^^^^^^^^^^^^^^^^^ the same lifetime is hidden here
 0:15.79        |                                                |
 0:15.79        |                                                the lifetime is elided here
 0:15.79        |
 0:15.79        = help: the same lifetime is referred to in inconsistent ways, making the signature confusing
 0:15.79 help: use `'_` for type paths
 0:15.79        |
 0:15.79 146817 |                 pub fn view_timeline_name_iter(&self) -> ViewTimelineNameIter<'_> {
 0:15.79        |                                                                              ++++
 0:15.79 warning: hiding a lifetime that's elided elsewhere is confusing
 0:15.79       --> D:/mozilla/firefox/Skyfox/obj-x86_64-pc-windows-msvc\x86_64-pc-windows-msvc\release\build\style-6e86a323422f0acb\out/properties.rs:146847:48
 0:15.79        |
 0:15.79 146847 |                 pub fn view_timeline_axis_iter(&self) -> ViewTimelineAxisIter {
 0:15.79        |                                                ^^^^^     ^^^^^^^^^^^^^^^^^^^^ the same lifetime is hidden here
 0:15.79        |                                                |
 0:15.79        |                                                the lifetime is elided here
 0:15.79        |
 0:15.79        = help: the same lifetime is referred to in inconsistent ways, making the signature confusing
 0:15.79 help: use `'_` for type paths
 0:15.79        |
 0:15.79 146847 |                 pub fn view_timeline_axis_iter(&self) -> ViewTimelineAxisIter<'_> {
 0:15.79        |                                                                              ++++
 0:15.79 warning: hiding a lifetime that's elided elsewhere is confusing
 0:15.79       --> D:/mozilla/firefox/Skyfox/obj-x86_64-pc-windows-msvc\x86_64-pc-windows-msvc\release\build\style-6e86a323422f0acb\out/properties.rs:146877:49
 0:15.79        |
 0:15.79 146877 |                 pub fn view_timeline_inset_iter(&self) -> ViewTimelineInsetIter {
 0:15.79        |                                                 ^^^^^     ^^^^^^^^^^^^^^^^^^^^^ the same lifetime is hidden here
 0:15.79        |                                                 |
 0:15.79        |                                                 the lifetime is elided here
 0:15.79        |
 0:15.79        = help: the same lifetime is referred to in inconsistent ways, making the signature confusing
 0:15.79 help: use `'_` for type paths
 0:15.79        |
 0:15.79 146877 |                 pub fn view_timeline_inset_iter(&self) -> ViewTimelineInsetIter<'_> {
 0:15.79        |                                                                                ++++
 0:15.79 warning: hiding a lifetime that's elided elsewhere is confusing
 0:15.79      --> D:/mozilla/firefox/Skyfox/obj-x86_64-pc-windows-msvc\x86_64-pc-windows-msvc\release\build\style-6e86a323422f0acb\out/properties.rs:96723:15
 0:15.79       |
 0:15.80 96723 |     pub fn id(&self) -> PropertyDeclarationId {
 0:15.80       |               ^^^^^     ^^^^^^^^^^^^^^^^^^^^^ the same lifetime is hidden here
 0:15.80       |               |
 0:15.80       |               the lifetime is elided here
 0:15.80       |
 0:15.80       = help: the same lifetime is referred to in inconsistent ways, making the signature confusing
 0:15.80 help: use `'_` for type paths
 0:15.80       |
 0:15.80 96723 |     pub fn id(&self) -> PropertyDeclarationId<'_> {
 0:15.80       |                                              ++++
 0:15.80 warning: hiding a lifetime that's elided elsewhere is confusing
 0:15.80    --> servo\components\style\gecko\data.rs:192:19
 0:15.80     |
 0:15.80 192 |     pub fn borrow(&self) -> AtomicRef<PerDocumentStyleDataImpl> {
 0:15.80     |                   ^^^^^     ^^^^^^^^^^^^^^^^^^^^^^^^^^^^^^^^^^^ the same lifetime is hidden here
 0:15.80     |                   |
 0:15.80     |                   the lifetime is elided here
 0:15.80     |
 0:15.80     = help: the same lifetime is referred to in inconsistent ways, making the signature confusing
 0:15.80 help: use `'_` for type paths
 0:15.80     |
 0:15.80 192 |     pub fn borrow(&self) -> AtomicRef<'_, PerDocumentStyleDataImpl> {
 0:15.80     |                                       +++
 0:15.80 warning: hiding a lifetime that's elided elsewhere is confusing
 0:15.80    --> servo\components\style\gecko\data.rs:197:23
 0:15.80     |
 0:15.80 197 |     pub fn borrow_mut(&self) -> AtomicRefMut<PerDocumentStyleDataImpl> {
 0:15.80     |                       ^^^^^     ^^^^^^^^^^^^^^^^^^^^^^^^^^^^^^^^^^^^^^ the same lifetime is hidden here
 0:15.80     |                       |
 0:15.80     |                       the lifetime is elided here
 0:15.80     |
 0:15.80     = help: the same lifetime is referred to in inconsistent ways, making the signature confusing
 0:15.80 help: use `'_` for type paths
 0:15.80     |
 0:15.80 197 |     pub fn borrow_mut(&self) -> AtomicRefMut<'_, PerDocumentStyleDataImpl> {
 0:15.80     |                                              +++
 0:15.80 warning: hiding a lifetime that's elided elsewhere is confusing
 0:15.80   --> servo\components\style\gecko\snapshot_helpers.rs:40:45
 0:15.80    |
 0:15.80 40 | unsafe fn get_class_or_part_from_attr(attr: &structs::nsAttrValue) -> Class {
 0:15.80    |                                             ^^^^^^^^^^^^^^^^^^^^^     ^^^^^ the same lifetime is hidden here
 0:15.80    |                                             |
 0:15.80    |                                             the lifetime is elided here
 0:15.80    |
 0:15.80    = help: the same lifetime is referred to in inconsistent ways, making the signature confusing
 0:15.80 help: use `'_` for type paths
 0:15.80    |
 0:15.80 40 | unsafe fn get_class_or_part_from_attr(attr: &structs::nsAttrValue) -> Class<'_> {
 0:15.80    |                                                                            ++++
 0:15.80 warning: hiding a lifetime that's elided elsewhere is confusing
 0:15.80   --> servo\components\style\gecko\traversal.rs:50:23
 0:15.80    |
 0:15.80 50 |     fn shared_context(&self) -> &SharedStyleContext {
 0:15.80    |                       ^^^^^     ^^^^^^^^^^^^^^^^^^^
 0:15.80    |                       |         ||
 0:15.80    |                       |         |the same lifetime is hidden here
 0:15.80    |                       |         the same lifetime is elided here
 0:15.80    |                       the lifetime is elided here
 0:15.80    |
 0:15.80    = help: the same lifetime is referred to in inconsistent ways, making the signature confusing
 0:15.80 help: use `'_` for type paths
 0:15.80    |
 0:15.80 50 |     fn shared_context(&self) -> &SharedStyleContext<'_> {
 0:15.80    |                                                    ++++
 0:15.80 warning: hiding a lifetime that's elided elsewhere is confusing
 0:15.80    --> servo\components\style\gecko\wrapper.rs:417:33
 0:15.80     |
 0:15.80 417 |     pub fn prev_sibling_element(&self) -> Option<GeckoElement> {
 0:15.80     |                                 ^^^^^            ^^^^^^^^^^^^ the same lifetime is hidden here
 0:15.80     |                                 |
 0:15.80     |                                 the lifetime is elided here
 0:15.80     |
 0:15.80     = help: the same lifetime is referred to in inconsistent ways, making the signature confusing
 0:15.80 help: use `'_` for type paths
 0:15.80     |
 0:15.80 417 |     pub fn prev_sibling_element(&self) -> Option<GeckoElement<'_>> {
 0:15.80     |                                                              ++++
 0:15.80 warning: hiding a lifetime that's elided elsewhere is confusing
 0:15.80    --> servo\components\style\gecko\wrapper.rs:430:33
 0:15.80     |
 0:15.80 430 |     pub fn next_sibling_element(&self) -> Option<GeckoElement> {
 0:15.80     |                                 ^^^^^            ^^^^^^^^^^^^ the same lifetime is hidden here
 0:15.80     |                                 |
 0:15.80     |                                 the lifetime is elided here
 0:15.80     |
 0:15.80     = help: the same lifetime is referred to in inconsistent ways, making the signature confusing
 0:15.80 help: use `'_` for type paths
 0:15.80     |
 0:15.80 430 |     pub fn next_sibling_element(&self) -> Option<GeckoElement<'_>> {
 0:15.80     |                                                              ++++
 0:15.80 warning: implicit autoref creates a reference to the dereference of a raw pointer
 0:15.80     --> servo\components\style\gecko\wrapper.rs:1022:9
 0:15.80      |
 0:15.80 1022 |         (*namespace_manager).mURIArray[id as usize].mRawPtr
 0:15.80      |         ^^-----------------^^^^^^^^^^^^^^^^^^^^^^^^
 0:15.80      |           |
 0:15.80      |           this raw pointer has type `*mut nsNameSpaceManager`
 0:15.80      |
 0:15.80      = note: creating a reference requires the pointer target to be valid and imposes aliasing requirements
 0:15.80      = note: references are created through calls to explicit `Deref(Mut)::deref(_mut)` implementations
 0:15.80      = note: `#[warn(dangerous_implicit_autorefs)]` on by default
 0:15.80 help: try using a raw pointer method instead; or if this reference is intentional, make it explicit
 0:15.80      |
 0:15.80 1022 |         (&(*namespace_manager).mURIArray)[id as usize].mRawPtr
 0:15.80      |         ++                              +
 0:15.80 warning: hiding a lifetime that's elided elsewhere is confusing
 0:15.80     --> servo\components\style\gecko\wrapper.rs:1250:24
 0:15.80      |
 0:15.80 1250 |     fn style_attribute(&self) -> Option<ArcBorrow<Locked<PropertyDeclarationBlock>>> {
 0:15.80      |                        ^^^^^            ^^^^^^^^^^^^^^^^^^^^^^^^^^^^^^^^^^^^^^^^^^^ the same lifetime is hidden here
 0:15.80      |                        |
 0:15.80      |                        the lifetime is elided here
 0:15.80      |
 0:15.80      = help: the same lifetime is referred to in inconsistent ways, making the signature confusing
 0:15.80 help: use `'_` for type paths
 0:15.80      |
 0:15.80 1250 |     fn style_attribute(&self) -> Option<ArcBorrow<'_, Locked<PropertyDeclarationBlock>>> {
 0:15.80      |                                                   +++
 0:15.80 warning: hiding a lifetime that's elided elsewhere is confusing
 0:15.80     --> servo\components\style\gecko\wrapper.rs:1269:22
 0:15.80      |
 0:15.80 1269 |     fn smil_override(&self) -> Option<ArcBorrow<Locked<PropertyDeclarationBlock>>> {
 0:15.80      |                      ^^^^^            ^^^^^^^^^^^^^^^^^^^^^^^^^^^^^^^^^^^^^^^^^^^ the same lifetime is hidden here
 0:15.80      |                      |
 0:15.80      |                      the lifetime is elided here
 0:15.80      |
 0:15.80      = help: the same lifetime is referred to in inconsistent ways, making the signature confusing
 0:15.80 help: use `'_` for type paths
 0:15.80      |
 0:15.80 1269 |     fn smil_override(&self) -> Option<ArcBorrow<'_, Locked<PropertyDeclarationBlock>>> {
 0:15.80      |                                                 +++
 0:15.80 warning: hiding a lifetime that's elided elsewhere is confusing
 0:15.80     --> servo\components\style\gecko\wrapper.rs:1468:27
 0:15.80      |
 0:15.80 1468 |     unsafe fn ensure_data(&self) -> AtomicRefMut<ElementData> {
 0:15.80      |                           ^^^^^     ^^^^^^^^^^^^^^^^^^^^^^^^^ the same lifetime is hidden here
 0:15.80      |                           |
 0:15.80      |                           the lifetime is elided here
 0:15.80      |
 0:15.80      = help: the same lifetime is referred to in inconsistent ways, making the signature confusing
 0:15.80 help: use `'_` for type paths
 0:15.80      |
 0:15.80 1468 |     unsafe fn ensure_data(&self) -> AtomicRefMut<'_, ElementData> {
 0:15.80      |                                                  +++
 0:15.80 warning: hiding a lifetime that's elided elsewhere is confusing
 0:15.80     --> servo\components\style\gecko\wrapper.rs:1623:20
 0:15.80      |
 0:15.80 1623 |     fn borrow_data(&self) -> Option<AtomicRef<ElementData>> {
 0:15.80      |                    ^^^^^            ^^^^^^^^^^^^^^^^^^^^^^ the same lifetime is hidden here
 0:15.80      |                    |
 0:15.80      |                    the lifetime is elided here
 0:15.80      |
 0:15.80      = help: the same lifetime is referred to in inconsistent ways, making the signature confusing
 0:15.80 help: use `'_` for type paths
 0:15.80      |
 0:15.80 1623 |     fn borrow_data(&self) -> Option<AtomicRef<'_, ElementData>> {
 0:15.80      |                                               +++
 0:15.80 warning: hiding a lifetime that's elided elsewhere is confusing
 0:15.80     --> servo\components\style\gecko\wrapper.rs:1628:20
 0:15.80      |
 0:15.80 1628 |     fn mutate_data(&self) -> Option<AtomicRefMut<ElementData>> {
 0:15.80      |                    ^^^^^            ^^^^^^^^^^^^^^^^^^^^^^^^^ the same lifetime is hidden here
 0:15.80      |                    |
 0:15.80      |                    the lifetime is elided here
 0:15.80      |
 0:15.80      = help: the same lifetime is referred to in inconsistent ways, making the signature confusing
 0:15.80 help: use `'_` for type paths
 0:15.80      |
 0:15.80 1628 |     fn mutate_data(&self) -> Option<AtomicRefMut<'_, ElementData>> {
 0:15.80      |                                                  +++
 0:15.80 warning: `style` (lib) generated 90 warnings (run `cargo fix --lib -p style` to apply 89 suggestions)
 0:15.80 warning: hiding a lifetime that's elided elsewhere is confusing
 0:15.80   --> storage\rust\src\lib.rs:95:35
 0:15.80    |
 0:15.80 95 |     pub fn prepare<Q: AsRef<str>>(&self, query: Q) -> Result<Statement> {
 0:15.80    |                                   ^^^^^                      ^^^^^^^^^ the same lifetime is hidden here
 0:15.80    |                                   |
 0:15.80    |                                   the lifetime is elided here
 0:15.80    |
 0:15.80    = help: the same lifetime is referred to in inconsistent ways, making the signature confusing
 0:15.80    = note: `#[warn(mismatched_lifetime_syntaxes)]` on by default
 0:15.80 help: use `'_` for type paths
 0:15.80    |
 0:15.80 95 |     pub fn prepare<Q: AsRef<str>>(&self, query: Q) -> Result<Statement<'_>> {
 0:15.80    |                                                                       ++++
 0:15.80 warning: hiding a lifetime that's elided elsewhere is confusing
 0:15.80    --> storage\rust\src\lib.rs:123:24
 0:15.80     |
 0:15.80 123 |     pub fn transaction(&mut self) -> Result<Transaction> {
 0:15.80     |                        ^^^^^^^^^            ^^^^^^^^^^^ the same lifetime is hidden here
 0:15.80     |                        |
 0:15.80     |                        the lifetime is elided here
 0:15.80     |
 0:15.80     = help: the same lifetime is referred to in inconsistent ways, making the signature confusing
 0:15.80 help: use `'_` for type paths
 0:15.80     |
 0:15.80 123 |     pub fn transaction(&mut self) -> Result<Transaction<'_>> {
 0:15.80     |                                                        ++++
 0:15.80 warning: hiding a lifetime that's elided elsewhere is confusing
 0:15.80    --> storage\rust\src\lib.rs:145:9
 0:15.80     |
 0:15.80 145 |         &mut self,
 0:15.80     |         ^^^^^^^^^ the lifetime is elided here
 0:15.80 146 |         behavior: TransactionBehavior,
 0:15.80 147 |     ) -> Result<Transaction> {
 0:15.80     |                 ^^^^^^^^^^^ the same lifetime is hidden here
 0:15.80     |
 0:15.80     = help: the same lifetime is referred to in inconsistent ways, making the signature confusing
 0:15.80 help: use `'_` for type paths
 0:15.80     |
 0:15.80 147 |     ) -> Result<Transaction<'_>> {
 0:15.80     |                            ++++
 0:15.80 warning: `storage` (lib) generated 3 warnings (run `cargo fix --lib -p storage` to apply 3 suggestions)
 0:15.80 warning: hiding a lifetime that's elided elsewhere is confusing
 0:15.80    --> gfx\webrender_bindings\src\bindings.rs:430:13
 0:15.80     |
 0:15.80 430 |     fn lock(&mut self, id: ExternalImageId, channel_index: u8) -> ExternalImage {
 0:15.80     |             ^^^^^^^^^ the lifetime is elided here                 ^^^^^^^^^^^^^ the same lifetime is hidden here
 0:15.80     |
 0:15.80     = help: the same lifetime is referred to in inconsistent ways, making the signature confusing
 0:15.80 note: the lint level is defined here
 0:15.80    --> gfx\webrender_bindings\src\lib.rs:5:9
 0:15.80     |
 0:15.80   5 | #![deny(warnings)]
 0:15.80     |         ^^^^^^^^
 0:15.80     = note: `#[warn(mismatched_lifetime_syntaxes)]` implied by `#[warn(warnings)]`
 0:15.80 help: use `'_` for type paths
 0:15.80     |
 0:15.80 430 |     fn lock(&mut self, id: ExternalImageId, channel_index: u8) -> ExternalImage<'_> {
 0:15.80     |                                                                                ++++
 0:15.80 warning: `webrender_bindings` (lib) generated 1 warning (run `cargo fix --lib -p webrender_bindings` to apply 1 suggestion)
 0:15.80 warning: implicit autoref creates a reference to the dereference of a raw pointer
 0:15.80   --> dom\media\webrtc\sdp\rsdparsa_capi\src\attribute.rs:27:11
 0:15.80    |
 0:15.80 27 |     match (*session).attribute.get(index as usize) {
 0:15.80    |           ^^-------^^^^^^^^^^^^^^^^^^^^^^^^^^^^^^^
 0:15.80    |             |
 0:15.80    |             this raw pointer has type `*const SdpSession`
 0:15.80    |
 0:15.80    = note: creating a reference requires the pointer target to be valid and imposes aliasing requirements
 0:15.80 note: autoref is being applied to this expression, resulting in: `&[rsdparsa::attribute_type::SdpAttribute]`
 0:15.80   --> dom\media\webrtc\sdp\rsdparsa_capi\src\attribute.rs:27:11
 0:15.80    |
 0:15.80 27 |     match (*session).attribute.get(index as usize) {
 0:15.80    |           ^^^^^^^^^^^^^^^^^^^^
 0:15.80 note: method calls to `get` require a reference
 0:15.80   --> /rustc/ac68faa20c58cbccd01ee7208bf3b6e93a7d7f96/library\core\src\slice\mod.rs:572:4
 0:15.80    = note: `#[warn(dangerous_implicit_autorefs)]` on by default
 0:15.80 help: try using a raw pointer method instead; or if this reference is intentional, make it explicit
 0:15.80    |
 0:15.80 27 |     match (&(*session).attribute).get(index as usize) {
 0:15.80    |           ++                    +
 0:15.80 warning: implicit autoref creates a reference to the dereference of a raw pointer
 0:15.80   --> dom\media\webrtc\sdp\rsdparsa_capi\src\media_section.rs:24:18
 0:15.80    |
 0:15.80 24 |     return match (*session).media.get(index) {
 0:15.80    |                  ^^-------^^^^^^^^^^^^^^^^^^
 0:15.80    |                    |
 0:15.80    |                    this raw pointer has type `*const SdpSession`
 0:15.80    |
 0:15.80    = note: creating a reference requires the pointer target to be valid and imposes aliasing requirements
 0:15.80 note: autoref is being applied to this expression, resulting in: `&[SdpMedia]`
 0:15.80   --> dom\media\webrtc\sdp\rsdparsa_capi\src\media_section.rs:24:18
 0:15.80    |
 0:15.80 24 |     return match (*session).media.get(index) {
 0:15.80    |                  ^^^^^^^^^^^^^^^^
 0:15.80 note: method calls to `get` require a reference
 0:15.80   --> /rustc/ac68faa20c58cbccd01ee7208bf3b6e93a7d7f96/library\core\src\slice\mod.rs:572:4
 0:15.80 help: try using a raw pointer method instead; or if this reference is intentional, make it explicit
 0:15.80    |
 0:15.80 24 |     return match (&(*session).media).get(index) {
 0:15.80    |                  ++                +
 0:15.80 warning: implicit autoref creates a reference to the dereference of a raw pointer
 0:15.80   --> dom\media\webrtc\sdp\rsdparsa_capi\src\types.rs:89:11
 0:15.80    |
 0:15.80 89 |     match (*vec).get(index) {
 0:15.80    |           ^^---^^^^^^^^^^^^
 0:15.80    |             |
 0:15.80    |             this raw pointer has type `*const Vec<String>`
 0:15.80    |
 0:15.80    = note: creating a reference requires the pointer target to be valid and imposes aliasing requirements
 0:15.80 note: autoref is being applied to this expression, resulting in: `&[String]`
 0:15.80   --> dom\media\webrtc\sdp\rsdparsa_capi\src\types.rs:89:11
 0:15.80    |
 0:15.80 89 |     match (*vec).get(index) {
 0:15.80    |           ^^^^^^
 0:15.80 note: method calls to `get` require a reference
 0:15.80   --> /rustc/ac68faa20c58cbccd01ee7208bf3b6e93a7d7f96/library\core\src\slice\mod.rs:572:4
 0:15.80 help: try using a raw pointer method instead; or if this reference is intentional, make it explicit
 0:15.80    |
 0:15.80 89 |     match (&(*vec)).get(index) {
 0:15.80    |           ++      +
 0:15.80 warning: implicit autoref creates a reference to the dereference of a raw pointer
 0:15.80    --> dom\media\webrtc\sdp\rsdparsa_capi\src\types.rs:115:11
 0:15.80     |
 0:15.80 115 |     match (*vec).get(index) {
 0:15.80     |           ^^---^^^^^^^^^^^^
 0:15.80     |             |
 0:15.80     |             this raw pointer has type `*const Vec<f32>`
 0:15.80     |
 0:15.80     = note: creating a reference requires the pointer target to be valid and imposes aliasing requirements
 0:15.80 note: autoref is being applied to this expression, resulting in: `&[f32]`
 0:15.80    --> dom\media\webrtc\sdp\rsdparsa_capi\src\types.rs:115:11
 0:15.80     |
 0:15.80 115 |     match (*vec).get(index) {
 0:15.80     |           ^^^^^^
 0:15.80 note: method calls to `get` require a reference
 0:15.80    --> /rustc/ac68faa20c58cbccd01ee7208bf3b6e93a7d7f96/library\core\src\slice\mod.rs:572:4
 0:15.80 help: try using a raw pointer method instead; or if this reference is intentional, make it explicit
 0:15.80     |
 0:15.80 115 |     match (&(*vec)).get(index) {
 0:15.80     |           ++      +
 0:15.80 warning: implicit autoref creates a reference to the dereference of a raw pointer
 0:15.80    --> dom\media\webrtc\sdp\rsdparsa_capi\src\types.rs:135:11
 0:15.80     |
 0:15.80 135 |     match (*vec).get(index) {
 0:15.80     |           ^^---^^^^^^^^^^^^
 0:15.80     |             |
 0:15.80     |             this raw pointer has type `*const Vec<u32>`
 0:15.80     |
 0:15.80     = note: creating a reference requires the pointer target to be valid and imposes aliasing requirements
 0:15.80 note: autoref is being applied to this expression, resulting in: `&[u32]`
 0:15.80    --> dom\media\webrtc\sdp\rsdparsa_capi\src\types.rs:135:11
 0:15.80     |
 0:15.80 135 |     match (*vec).get(index) {
 0:15.80     |           ^^^^^^
 0:15.80 note: method calls to `get` require a reference
 0:15.80    --> /rustc/ac68faa20c58cbccd01ee7208bf3b6e93a7d7f96/library\core\src\slice\mod.rs:572:4
 0:15.80 help: try using a raw pointer method instead; or if this reference is intentional, make it explicit
 0:15.80     |
 0:15.80 135 |     match (&(*vec)).get(index) {
 0:15.80     |           ++      +
 0:15.80 warning: implicit autoref creates a reference to the dereference of a raw pointer
 0:15.80    --> dom\media\webrtc\sdp\rsdparsa_capi\src\types.rs:155:11
 0:15.81     |
 0:15.81 155 |     match (*vec).get(index) {
 0:15.81     |           ^^---^^^^^^^^^^^^
 0:15.81     |             |
 0:15.81     |             this raw pointer has type `*const Vec<u16>`
 0:15.81     |
 0:15.81     = note: creating a reference requires the pointer target to be valid and imposes aliasing requirements
 0:15.81 note: autoref is being applied to this expression, resulting in: `&[u16]`
 0:15.81    --> dom\media\webrtc\sdp\rsdparsa_capi\src\types.rs:155:11
 0:15.81     |
 0:15.81 155 |     match (*vec).get(index) {
 0:15.81     |           ^^^^^^
 0:15.81 note: method calls to `get` require a reference
 0:15.81    --> /rustc/ac68faa20c58cbccd01ee7208bf3b6e93a7d7f96/library\core\src\slice\mod.rs:572:4
 0:15.81 help: try using a raw pointer method instead; or if this reference is intentional, make it explicit
 0:15.81     |
 0:15.81 155 |     match (&(*vec)).get(index) {
 0:15.81     |           ++      +
 0:15.81 warning: implicit autoref creates a reference to the dereference of a raw pointer
 0:15.81    --> dom\media\webrtc\sdp\rsdparsa_capi\src\types.rs:171:11
 0:15.81     |
 0:15.81 171 |     match (*vec).get(index) {
 0:15.81     |           ^^---^^^^^^^^^^^^
 0:15.81     |             |
 0:15.81     |             this raw pointer has type `*const Vec<u8>`
 0:15.81     |
 0:15.81     = note: creating a reference requires the pointer target to be valid and imposes aliasing requirements
 0:15.81 note: autoref is being applied to this expression, resulting in: `&[u8]`
 0:15.81    --> dom\media\webrtc\sdp\rsdparsa_capi\src\types.rs:171:11
 0:15.81     |
 0:15.81 171 |     match (*vec).get(index) {
 0:15.81     |           ^^^^^^
 0:15.81 note: method calls to `get` require a reference
 0:15.81    --> /rustc/ac68faa20c58cbccd01ee7208bf3b6e93a7d7f96/library\core\src\slice\mod.rs:572:4
 0:15.81 help: try using a raw pointer method instead; or if this reference is intentional, make it explicit
 0:15.81     |
 0:15.81 171 |     match (&(*vec)).get(index) {
 0:15.81     |           ++      +
 0:15.81 warning: implicit autoref creates a reference to the dereference of a raw pointer
 0:15.81    --> dom\media\webrtc\sdp\rsdparsa_capi\src\types.rs:191:11
 0:15.81     |
 0:15.81 191 |     match (*vec).get(index) {
 0:15.81     |           ^^---^^^^^^^^^^^^
 0:15.81     |             |
 0:15.81     |             this raw pointer has type `*const Vec<rsdparsa::attribute_type::SdpAttributeSsrc>`
 0:15.81     |
 0:15.81     = note: creating a reference requires the pointer target to be valid and imposes aliasing requirements
 0:15.81 note: autoref is being applied to this expression, resulting in: `&[rsdparsa::attribute_type::SdpAttributeSsrc]`
 0:15.81    --> dom\media\webrtc\sdp\rsdparsa_capi\src\types.rs:191:11
 0:15.81     |
 0:15.81 191 |     match (*vec).get(index) {
 0:15.81     |           ^^^^^^
 0:15.81 note: method calls to `get` require a reference
 0:15.81    --> /rustc/ac68faa20c58cbccd01ee7208bf3b6e93a7d7f96/library\core\src\slice\mod.rs:572:4
 0:15.81 help: try using a raw pointer method instead; or if this reference is intentional, make it explicit
 0:15.81     |
 0:15.81 191 |     match (&(*vec)).get(index) {
 0:15.81     |           ++      +
 0:15.81 warning: `rsdparsa_capi` (lib) generated 8 warnings
 0:15.81 warning: hiding a lifetime that's elided elsewhere is confusing
 0:15.81   --> gfx\wgpu_bindings\src\client.rs:60:16
 0:15.81    |
 0:15.81 60 |     fn to_wgpu(&self) -> wgc::pipeline::ProgrammableStageDescriptor {
 0:15.81    |                ^^^^^     ^^^^^^^^^^^^^^^^^^^^^^^^^^^^^^^^^^^^^^^^^^ the same lifetime is hidden here
 0:15.81    |                |
 0:15.81    |                the lifetime is elided here
 0:15.81    |
 0:15.81    = help: the same lifetime is referred to in inconsistent ways, making the signature confusing
 0:15.81    = note: `#[warn(mismatched_lifetime_syntaxes)]` on by default
 0:15.81 help: use `'_` for type paths
 0:15.81    |
 0:15.81 60 |     fn to_wgpu(&self) -> wgc::pipeline::ProgrammableStageDescriptor<'_> {
 0:15.81    |                                                                    ++++
 0:15.81 warning: hiding a lifetime that's elided elsewhere is confusing
 0:15.81    --> gfx\wgpu_bindings\src\client.rs:105:16
 0:15.81     |
 0:15.81 105 |     fn to_wgpu(&self) -> wgc::pipeline::VertexState {
 0:15.81     |                ^^^^^     ^^^^^^^^^^^^^^^^^^^^^^^^^^ the same lifetime is hidden here
 0:15.81     |                |
 0:15.81     |                the lifetime is elided here
 0:15.81     |
 0:15.81     = help: the same lifetime is referred to in inconsistent ways, making the signature confusing
 0:15.81 help: use `'_` for type paths
 0:15.81     |
 0:15.81 105 |     fn to_wgpu(&self) -> wgc::pipeline::VertexState<'_> {
 0:15.81     |                                                    ++++
 0:15.81 warning: hiding a lifetime that's elided elsewhere is confusing
 0:15.81    --> gfx\wgpu_bindings\src\client.rs:136:16
 0:15.81     |
 0:15.81 136 |     fn to_wgpu(&self) -> wgc::pipeline::FragmentState {
 0:15.81     |                ^^^^^     ^^^^^^^^^^^^^^^^^^^^^^^^^^^^ the same lifetime is hidden here
 0:15.81     |                |
 0:15.81     |                the lifetime is elided here
 0:15.81     |
 0:15.81     = help: the same lifetime is referred to in inconsistent ways, making the signature confusing
 0:15.81 help: use `'_` for type paths
 0:15.81     |
 0:15.81 136 |     fn to_wgpu(&self) -> wgc::pipeline::FragmentState<'_> {
 0:15.81     |                                                      ++++
 0:15.81 warning: `wgpu_bindings` (lib) generated 3 warnings (run `cargo fix --lib -p wgpu_bindings` to apply 3 suggestions)
 0:15.81 warning: unnecessary parentheses around closure body
 0:15.81    --> toolkit\components\telemetry\dap\ffi\src\lib.rs:145:64
 0:15.81     |
 0:15.81 145 |         let measurement: Vec<u128> = self.value.iter().map(|e| (*e as u128)).collect();
 0:15.81     |                                                                ^          ^
 0:15.81     |
 0:15.81     = note: `#[warn(unused_parens)]` (part of `#[warn(unused)]`) on by default
 0:15.81 help: remove these parentheses
 0:15.81     |
 0:15.81 145 -         let measurement: Vec<u128> = self.value.iter().map(|e| (*e as u128)).collect();
 0:15.81 145 +         let measurement: Vec<u128> = self.value.iter().map(|e| *e as u128).collect();
 0:15.81     |
 0:15.81 warning: `dap_ffi` (lib) generated 1 warning (run `cargo fix --lib -p dap_ffi` to apply 1 suggestion)
 0:15.81 warning: hiding a lifetime that's elided elsewhere is confusing
 0:15.81    --> dom\webauthn\authrs_bridge\src\test_token.rs:177:24
 0:15.81     |
 0:15.81 177 |     fn get_credentials(&self) -> Ref<Vec<TestTokenCredential>> {
 0:15.81     |                        ^^^^^     ^^^^^^^^^^^^^^^^^^^^^^^^^^^^^ the same lifetime is hidden here
 0:15.81     |                        |
 0:15.81     |                        the lifetime is elided here
 0:15.81     |
 0:15.81     = help: the same lifetime is referred to in inconsistent ways, making the signature confusing
 0:15.81     = note: `#[warn(mismatched_lifetime_syntaxes)]` on by default
 0:15.81 help: use `'_` for type paths
 0:15.81     |
 0:15.81 177 |     fn get_credentials(&self) -> Ref<'_, Vec<TestTokenCredential>> {
 0:15.81     |                                      +++
 0:15.81 warning: `authrs_bridge` (lib) generated 1 warning (run `cargo fix --lib -p authrs_bridge` to apply 1 suggestion)
 0:15.81 warning: hiding a lifetime that's elided elsewhere is confusing
 0:15.81    --> netwerk\base\mozurl\src\lib.rs:170:36
 0:15.81     |
 0:15.81 170 | pub extern "C" fn mozurl_spec(url: &MozURL) -> SpecSlice {
 0:15.81     |                                    ^^^^^^^     ^^^^^^^^^ the same lifetime is hidden here
 0:15.81     |                                    |
 0:15.81     |                                    the lifetime is elided here
 0:15.81     |
 0:15.81     = help: the same lifetime is referred to in inconsistent ways, making the signature confusing
 0:15.81     = note: `#[warn(mismatched_lifetime_syntaxes)]` on by default
 0:15.81 help: use `'_` for type paths
 0:15.81     |
 0:15.81 170 | pub extern "C" fn mozurl_spec(url: &MozURL) -> SpecSlice<'_> {
 0:15.81     |                                                         ++++
 0:15.81 warning: hiding a lifetime that's elided elsewhere is confusing
 0:15.81    --> netwerk\base\mozurl\src\lib.rs:175:38
 0:15.81     |
 0:15.81 175 | pub extern "C" fn mozurl_scheme(url: &MozURL) -> SpecSlice {
 0:15.81     |                                      ^^^^^^^     ^^^^^^^^^ the same lifetime is hidden here
 0:15.81     |                                      |
 0:15.81     |                                      the lifetime is elided here
 0:15.81     |
 0:15.81     = help: the same lifetime is referred to in inconsistent ways, making the signature confusing
 0:15.81 help: use `'_` for type paths
 0:15.81     |
 0:15.81 175 | pub extern "C" fn mozurl_scheme(url: &MozURL) -> SpecSlice<'_> {
 0:15.81     |                                                           ++++
 0:15.81 warning: hiding a lifetime that's elided elsewhere is confusing
 0:15.81    --> netwerk\base\mozurl\src\lib.rs:180:40
 0:15.81     |
 0:15.81 180 | pub extern "C" fn mozurl_username(url: &MozURL) -> SpecSlice {
 0:15.81     |                                        ^^^^^^^     ^^^^^^^^^ the same lifetime is hidden here
 0:15.81     |                                        |
 0:15.81     |                                        the lifetime is elided here
 0:15.81     |
 0:15.81     = help: the same lifetime is referred to in inconsistent ways, making the signature confusing
 0:15.81 help: use `'_` for type paths
 0:15.81     |
 0:15.81 180 | pub extern "C" fn mozurl_username(url: &MozURL) -> SpecSlice<'_> {
 0:15.81     |                                                             ++++
 0:15.81 warning: hiding a lifetime that's elided elsewhere is confusing
 0:15.81    --> netwerk\base\mozurl\src\lib.rs:189:40
 0:15.81     |
 0:15.81 189 | pub extern "C" fn mozurl_password(url: &MozURL) -> SpecSlice {
 0:15.81     |                                        ^^^^^^^     ^^^^^^^^^ the same lifetime is hidden here
 0:15.81     |                                        |
 0:15.81     |                                        the lifetime is elided here
 0:15.81     |
 0:15.81     = help: the same lifetime is referred to in inconsistent ways, making the signature confusing
 0:15.81 help: use `'_` for type paths
 0:15.81     |
 0:15.81 189 | pub extern "C" fn mozurl_password(url: &MozURL) -> SpecSlice<'_> {
 0:15.81     |                                                             ++++
 0:15.81 warning: hiding a lifetime that's elided elsewhere is confusing
 0:15.81    --> netwerk\base\mozurl\src\lib.rs:194:36
 0:15.81     |
 0:15.81 194 | pub extern "C" fn mozurl_host(url: &MozURL) -> SpecSlice {
 0:15.81     |                                    ^^^^^^^     ^^^^^^^^^ the same lifetime is hidden here
 0:15.81     |                                    |
 0:15.81     |                                    the lifetime is elided here
 0:15.81     |
 0:15.81     = help: the same lifetime is referred to in inconsistent ways, making the signature confusing
 0:15.81 help: use `'_` for type paths
 0:15.81     |
 0:15.81 194 | pub extern "C" fn mozurl_host(url: &MozURL) -> SpecSlice<'_> {
 0:15.81     |                                                         ++++
 0:15.81 warning: hiding a lifetime that's elided elsewhere is confusing
 0:15.81    --> netwerk\base\mozurl\src\lib.rs:212:41
 0:15.81     |
 0:15.81 212 | pub extern "C" fn mozurl_host_port(url: &MozURL) -> SpecSlice {
 0:15.81     |                                         ^^^^^^^     ^^^^^^^^^ the same lifetime is hidden here
 0:15.81     |                                         |
 0:15.81     |                                         the lifetime is elided here
 0:15.81     |
 0:15.81     = help: the same lifetime is referred to in inconsistent ways, making the signature confusing
 0:15.81 help: use `'_` for type paths
 0:15.81     |
 0:15.81 212 | pub extern "C" fn mozurl_host_port(url: &MozURL) -> SpecSlice<'_> {
 0:15.81     |                                                              ++++
 0:15.81 warning: hiding a lifetime that's elided elsewhere is confusing
 0:15.81    --> netwerk\base\mozurl\src\lib.rs:220:40
 0:15.81     |
 0:15.81 220 | pub extern "C" fn mozurl_filepath(url: &MozURL) -> SpecSlice {
 0:15.81     |                                        ^^^^^^^     ^^^^^^^^^ the same lifetime is hidden here
 0:15.81     |                                        |
 0:15.81     |                                        the lifetime is elided here
 0:15.81     |
 0:15.81     = help: the same lifetime is referred to in inconsistent ways, making the signature confusing
 0:15.81 help: use `'_` for type paths
 0:15.81     |
 0:15.81 220 | pub extern "C" fn mozurl_filepath(url: &MozURL) -> SpecSlice<'_> {
 0:15.81     |                                                             ++++
 0:15.81 warning: hiding a lifetime that's elided elsewhere is confusing
 0:15.81    --> netwerk\base\mozurl\src\lib.rs:225:36
 0:15.81     |
 0:15.81 225 | pub extern "C" fn mozurl_path(url: &MozURL) -> SpecSlice {
 0:15.81     |                                    ^^^^^^^     ^^^^^^^^^ the same lifetime is hidden here
 0:15.81     |                                    |
 0:15.81     |                                    the lifetime is elided here
 0:15.81     |
 0:15.81     = help: the same lifetime is referred to in inconsistent ways, making the signature confusing
 0:15.81 help: use `'_` for type paths
 0:15.81     |
 0:15.81 225 | pub extern "C" fn mozurl_path(url: &MozURL) -> SpecSlice<'_> {
 0:15.82     |                                                         ++++
 0:15.82 warning: hiding a lifetime that's elided elsewhere is confusing
 0:15.82    --> netwerk\base\mozurl\src\lib.rs:230:37
 0:15.82     |
 0:15.82 230 | pub extern "C" fn mozurl_query(url: &MozURL) -> SpecSlice {
 0:15.82     |                                     ^^^^^^^     ^^^^^^^^^ the same lifetime is hidden here
 0:15.82     |                                     |
 0:15.82     |                                     the lifetime is elided here
 0:15.82     |
 0:15.82     = help: the same lifetime is referred to in inconsistent ways, making the signature confusing
 0:15.82 help: use `'_` for type paths
 0:15.82     |
 0:15.82 230 | pub extern "C" fn mozurl_query(url: &MozURL) -> SpecSlice<'_> {
 0:15.82     |                                                          ++++
 0:15.82 warning: hiding a lifetime that's elided elsewhere is confusing
 0:15.82    --> netwerk\base\mozurl\src\lib.rs:235:40
 0:15.82     |
 0:15.82 235 | pub extern "C" fn mozurl_fragment(url: &MozURL) -> SpecSlice {
 0:15.82     |                                        ^^^^^^^     ^^^^^^^^^ the same lifetime is hidden here
 0:15.82     |                                        |
 0:15.82     |                                        the lifetime is elided here
 0:15.82     |
 0:15.82     = help: the same lifetime is referred to in inconsistent ways, making the signature confusing
 0:15.82 help: use `'_` for type paths
 0:15.82     |
 0:15.82 235 | pub extern "C" fn mozurl_fragment(url: &MozURL) -> SpecSlice<'_> {
 0:15.82     |                                                             ++++
 0:15.82 warning: hiding a lifetime that's elided elsewhere is confusing
 0:15.82    --> netwerk\base\mozurl\src\lib.rs:240:43
 0:15.82     |
 0:15.82 240 | pub extern "C" fn mozurl_spec_no_ref(url: &MozURL) -> SpecSlice {
 0:15.82     |                                           ^^^^^^^     ^^^^^^^^^ the same lifetime is hidden here
 0:15.82     |                                           |
 0:15.82     |                                           the lifetime is elided here
 0:15.82     |
 0:15.82     = help: the same lifetime is referred to in inconsistent ways, making the signature confusing
 0:15.82 help: use `'_` for type paths
 0:15.82     |
 0:15.82 240 | pub extern "C" fn mozurl_spec_no_ref(url: &MozURL) -> SpecSlice<'_> {
 0:15.82     |                                                                ++++
 0:15.82 warning: hiding a lifetime that's elided elsewhere is confusing
 0:15.82    --> netwerk\base\mozurl\src\lib.rs:255:41
 0:15.82     |
 0:15.82 255 | pub extern "C" fn mozurl_directory(url: &MozURL) -> SpecSlice {
 0:15.82     |                                         ^^^^^^^     ^^^^^^^^^ the same lifetime is hidden here
 0:15.82     |                                         |
 0:15.82     |                                         the lifetime is elided here
 0:15.82     |
 0:15.82     = help: the same lifetime is referred to in inconsistent ways, making the signature confusing
 0:15.82 help: use `'_` for type paths
 0:15.82     |
 0:15.82 255 | pub extern "C" fn mozurl_directory(url: &MozURL) -> SpecSlice<'_> {
 0:15.82     |                                                              ++++
 0:15.82 warning: hiding a lifetime that's elided elsewhere is confusing
 0:15.82    --> netwerk\base\mozurl\src\lib.rs:263:39
 0:15.82     |
 0:15.82 263 | pub extern "C" fn mozurl_prepath(url: &MozURL) -> SpecSlice {
 0:15.82     |                                       ^^^^^^^     ^^^^^^^^^ the same lifetime is hidden here
 0:15.82     |                                       |
 0:15.82     |                                       the lifetime is elided here
 0:15.82     |
 0:15.82     = help: the same lifetime is referred to in inconsistent ways, making the signature confusing
 0:15.82 help: use `'_` for type paths
 0:15.82     |
 0:15.82 263 | pub extern "C" fn mozurl_prepath(url: &MozURL) -> SpecSlice<'_> {
 0:15.82     |                                                            ++++
 0:15.82 warning: `mozurl` (lib) generated 13 warnings (run `cargo fix --lib -p mozurl` to apply 13 suggestions)
 0:15.83     Finished `release` profile [optimized] target(s) in 7.97s
 0:15.83 media/wmf-clearkey/wmfclearkey.dll
 0:15.83 mfbt/tests/TestCeilingFloor.exe
 0:15.83 modules/libmar/tool/signmar.exe
 0:15.83 D:/mozilla/firefox/Skyfox/gfx/graphite2/src/GlyphCache.cpp:47:40: warning: 'iterator<std::input_iterator_tag, std::pair<unsigned short, unsigned short>>' is deprecated [-Wdeprecated-declarations]
 0:15.83    47 |     class _glat_iterator : public std::iterator<std::input_iterator_tag, std::pair<sparse::key_type, sparse::mapped_type> >
 0:15.83       |                                        ^
 0:15.83 D:/mozilla/build/4.2.1//.mozbuild/sysroot-wasm32-wasi/include/c++/v1\__iterator/iterator.h:23:29: note: 'iterator<std::input_iterator_tag, std::pair<unsigned short, unsigned short>>' has been explicitly marked deprecated here
 0:15.83    23 | struct _LIBCPP_TEMPLATE_VIS _LIBCPP_DEPRECATED_IN_CXX17 iterator {
 0:15.83       |                             ^
 0:15.83 D:/mozilla/build/4.2.1//.mozbuild/sysroot-wasm32-wasi/include/c++/v1\__config:723:41: note: expanded from macro '_LIBCPP_DEPRECATED_IN_CXX17'
 0:15.83   723 | #    define _LIBCPP_DEPRECATED_IN_CXX17 _LIBCPP_DEPRECATED
 0:15.83       |                                         ^
 0:15.83 D:/mozilla/build/4.2.1//.mozbuild/sysroot-wasm32-wasi/include/c++/v1\__config:688:49: note: expanded from macro '_LIBCPP_DEPRECATED'
 0:15.83   688 | #      define _LIBCPP_DEPRECATED __attribute__((__deprecated__))
 0:15.83       |                                                 ^
 0:15.83 mfbt/tests/TestCheckedInt.exe
 0:15.87 security/nss/lib/softoken/softokn3.dll
 0:15.98 1 warning generated.
 0:16.01 security/nss/cmd/certutil/certutil.exe
 0:16.11 mfbt/tests/TestCompactPair.exe
 0:16.14 security/nss/cmd/pk12util/pk12util.exe
 0:16.26 mfbt/tests/TestCountPopulation.exe
 0:16.35 security/nss/lib/freebl/freebl3.dll
 0:16.37 testing/mochitest/ssltunnel/ssltunnel.exe
 0:16.39 mfbt/tests/TestCountZeroes.exe
 0:16.43 uriloader/exthandler/tests/WriteArgument.exe
 0:16.45 mfbt/tests/TestDefineEnum.exe
 0:16.70 mfbt/tests/TestDoublyLinkedList.exe
 0:16.82 mfbt/tests/TestEndian.exe
 0:16.83 mfbt/tests/TestEnumeratedArray.exe
 0:16.88 dom/media/mediasink
 0:16.94 media/ffvpx/libavutil/mozavutil.dll
 0:17.00 dom/media
 0:17.07 mfbt/tests/TestEnumSet.exe
 0:17.09 gfx/angle/targets/libEGL/libEGL.dll
 0:17.19 mfbt/tests/TestEnumTypeTraits.exe
 0:17.27 mfbt/tests/TestFastBernoulliTrial.exe
 0:17.28 mfbt/tests/TestFloatingPoint.exe
 0:17.34 security/manager/ssl/tests/unit/tlsserver/cmd/BadCertAndPinningServer.exe
 0:17.34 security/manager/ssl/tests/unit/tlsserver/cmd/DelegatedCredentialsServer.exe
 0:17.43 security/manager/ssl/tests/unit/tlsserver/cmd/EncryptedClientHelloServer.exe
 0:17.49 mfbt/tests/TestFunctionRef.exe
 0:17.63 mfbt/tests/TestFunctionTypeTraits.exe
 0:17.66 security/manager/ssl/tests/unit/pkcs11testmodule/dynamic-library/pkcs11testmodule.dll
 0:17.68 security/manager/ssl/tests/unit/tlsserver/cmd/GenerateOCSPResponse.exe
 0:17.68 mfbt/tests/TestHashTable.exe
 0:17.77 security/manager/ssl/tests/unit/test_trust_anchors/dynamic-library/test_trust_anchors.dll
 0:17.80 mfbt/tests/TestIntegerRange.exe
 0:17.80 security/manager/ssl/tests/unit/tlsserver/cmd/OCSPStaplingServer.exe
 0:17.94 security/manager/ssl/tests/unit/tlsserver/cmd/SanctionsTestServer.exe
 0:18.04 mfbt/tests/TestJSONWriter.exe
 0:18.08 security/manager/ssl/tests/unit/tlsserver/cmd/FaultyServer.exe
 0:18.17 mfbt/tests/TestLinkedList.exe
 0:18.24 mfbt/tests/TestMacroArgs.exe
 0:18.36 media/ffvpx/libavcodec/mozavcodec.dll
 0:18.42 mfbt/tests/TestMacroForEach.exe
 0:18.53 mfbt/tests/TestMathAlgorithms.exe
 0:18.57 toolkit/crashreporter/crash_helper/crashhelper.exe
 0:18.67 mfbt/tests/TestMaybe.exe
 0:18.68 toolkit/crashreporter/mozwer/mozwer.dll
 0:18.79 mfbt/tests/TestNonDereferenceable.exe
 0:18.97 mfbt/tests/TestNotNull.exe
 0:19.09 mfbt/tests/TestRandomNum.exe
 0:19.12 mfbt/tests/TestRange.exe
 0:19.21 mfbt/tests/TestRefPtr.exe
 0:19.27 mfbt/tests/TestResult.exe
 0:19.37 mfbt/tests/TestRollingMean.exe
 0:19.39 mfbt/tests/TestSaturate.exe
 0:19.40 mfbt/tests/TestScopeExit.exe
 0:19.44 mfbt/tests/TestSegmentedVector.exe
 0:19.50 mfbt/tests/TestSHA1.exe
 0:19.52 mfbt/tests/TestSIMD.exe
 0:19.53 mfbt/tests/TestSmallPointerArray.exe
 0:19.63 mfbt/tests/TestSplayTree.exe
 0:19.67 D:/mozilla/firefox/Skyfox/media/libsoundtouch/src/RLBoxSoundTouch.cpp(13,18): warning: 'mozilla::RLBoxSoundTouch::RLBoxSoundTouch' redeclared without 'dllimport' attribute: 'dllexport' attribute added [-Winconsistent-dllimport]
 0:19.67    13 | RLBoxSoundTouch::RLBoxSoundTouch() {}
 0:19.67       |                  ^
 0:19.67 D:/mozilla/firefox/Skyfox/media/libsoundtouch/src\RLBoxSoundTouch.h(49,3): note: previous declaration is here
 0:19.67    49 |   RLBoxSoundTouch();
 0:19.67       |   ^
 0:19.68 D:/mozilla/firefox/Skyfox/media/libsoundtouch/src/RLBoxSoundTouch.cpp(15,23): warning: 'mozilla::RLBoxSoundTouch::Init' redeclared without 'dllimport' attribute: 'dllexport' attribute added [-Winconsistent-dllimport]
 0:19.68    15 | bool RLBoxSoundTouch::Init() {
 0:19.68       |                       ^
 0:19.68 D:/mozilla/firefox/Skyfox/media/libsoundtouch/src\RLBoxSoundTouch.h(51,8): note: previous declaration is here
 0:19.68    51 |   bool Init();
 0:19.68       |        ^
 0:19.68 D:/mozilla/firefox/Skyfox/media/libsoundtouch/src/RLBoxSoundTouch.cpp(39,18): warning: 'mozilla::RLBoxSoundTouch::~RLBoxSoundTouch' redeclared without 'dllimport' attribute: 'dllexport' attribute added [-Winconsistent-dllimport]
 0:19.68    39 | RLBoxSoundTouch::~RLBoxSoundTouch() {
 0:19.68       |                  ^
 0:19.68 D:/mozilla/firefox/Skyfox/media/libsoundtouch/src\RLBoxSoundTouch.h(53,3): note: previous declaration is here
 0:19.68    53 |   ~RLBoxSoundTouch();
 0:19.68       |   ^
 0:19.69 D:/mozilla/firefox/Skyfox/media/libsoundtouch/src/RLBoxSoundTouch.cpp(48,23): warning: 'mozilla::RLBoxSoundTouch::setSampleRate' redeclared without 'dllimport' attribute: 'dllexport' attribute added [-Winconsistent-dllimport]
 0:19.69    48 | void RLBoxSoundTouch::setSampleRate(uint aRate) {
 0:19.69       |                       ^
 0:19.70 D:/mozilla/firefox/Skyfox/media/libsoundtouch/src\RLBoxSoundTouch.h(56,8): note: previous declaration is here
 0:19.70    56 |   void setSampleRate(uint aRate);
 0:19.70       |        ^
 0:19.70 mfbt/tests/TestTextUtils.exe
 0:19.71 mfbt/tests/TestTypedEnum.exe
 0:19.71 D:/mozilla/firefox/Skyfox/media/libsoundtouch/src/RLBoxSoundTouch.cpp(52,23): warning: 'mozilla::RLBoxSoundTouch::setChannels' redeclared without 'dllimport' attribute: 'dllexport' attribute added [-Winconsistent-dllimport]
 0:19.71    52 | void RLBoxSoundTouch::setChannels(uint aChannels) {
 0:19.71       |                       ^
 0:19.71 D:/mozilla/firefox/Skyfox/media/libsoundtouch/src\RLBoxSoundTouch.h(58,8): note: previous declaration is here
 0:19.71    58 |   void setChannels(uint aChannels);
 0:19.71       |        ^
 0:19.71 D:/mozilla/firefox/Skyfox/media/libsoundtouch/src/RLBoxSoundTouch.cpp(57,23): warning: 'mozilla::RLBoxSoundTouch::setPitch' redeclared without 'dllimport' attribute: 'dllexport' attribute added [-Winconsistent-dllimport]
 0:19.71    57 | void RLBoxSoundTouch::setPitch(double aPitch) {
 0:19.71       |                       ^
 0:19.71 D:/mozilla/firefox/Skyfox/media/libsoundtouch/src\RLBoxSoundTouch.h(60,8): note: previous declaration is here
 0:19.71    60 |   void setPitch(double aPitch);
 0:19.71       |        ^
 0:19.72 D:/mozilla/firefox/Skyfox/media/libsoundtouch/src/RLBoxSoundTouch.cpp(61,23): warning: 'mozilla::RLBoxSoundTouch::setSetting' redeclared without 'dllimport' attribute: 'dllexport' attribute added [-Winconsistent-dllimport]
 0:19.72    61 | void RLBoxSoundTouch::setSetting(int aSettingId, int aValue) {
 0:19.72       |                       ^
 0:19.72 D:/mozilla/firefox/Skyfox/media/libsoundtouch/src\RLBoxSoundTouch.h(62,8): note: previous declaration is here
 0:19.72    62 |   void setSetting(int aSettingId, int aValue);
 0:19.72       |        ^
 0:19.72 D:/mozilla/firefox/Skyfox/media/libsoundtouch/src/RLBoxSoundTouch.cpp(66,23): warning: 'mozilla::RLBoxSoundTouch::setTempo' redeclared without 'dllimport' attribute: 'dllexport' attribute added [-Winconsistent-dllimport]
 0:19.72    66 | void RLBoxSoundTouch::setTempo(double aTempo) {
 0:19.72       |                       ^
 0:19.72 D:/mozilla/firefox/Skyfox/media/libsoundtouch/src\RLBoxSoundTouch.h(64,8): note: previous declaration is here
 0:19.72    64 |   void setTempo(double aTempo);
 0:19.72       |        ^
 0:19.73 D:/mozilla/firefox/Skyfox/media/libsoundtouch/src/RLBoxSoundTouch.cpp(70,23): warning: 'mozilla::RLBoxSoundTouch::setRate' redeclared without 'dllimport' attribute: 'dllexport' attribute added [-Winconsistent-dllimport]
 0:19.73    70 | void RLBoxSoundTouch::setRate(double aRate) {
 0:19.73       |                       ^
 0:19.74 D:/mozilla/firefox/Skyfox/media/libsoundtouch/src\RLBoxSoundTouch.h(72,8): note: previous declaration is here
 0:19.74    72 |   void setRate(double aRate);
 0:19.74       |        ^
 0:19.74 D:/mozilla/firefox/Skyfox/media/libsoundtouch/src/RLBoxSoundTouch.cpp(74,23): warning: 'mozilla::RLBoxSoundTouch::numChannels' redeclared without 'dllimport' attribute: 'dllexport' attribute added [-Winconsistent-dllimport]
 0:19.74    74 | uint RLBoxSoundTouch::numChannels() {
 0:19.74       |                       ^
 0:19.74 D:/mozilla/firefox/Skyfox/media/libsoundtouch/src\RLBoxSoundTouch.h(66,8): note: previous declaration is here
 0:19.75    66 |   uint numChannels();mfbt/tests/TestUniquePtr.exe
 0:19.75       |        ^
 0:19.75 D:/mozilla/firefox/Skyfox/media/libsoundtouch/src/RLBoxSoundTouch.cpp(83,43): warning: 'mozilla::RLBoxSoundTouch::numSamples' redeclared without 'dllimport' attribute: 'dllexport' attribute added [-Winconsistent-dllimport]
 0:19.75    83 | tainted_soundtouch<uint> RLBoxSoundTouch::numSamples() {
 0:19.75       |                                           ^
 0:19.75 D:/mozilla/firefox/Skyfox/media/libsoundtouch/src\RLBoxSoundTouch.h(68,28): note: previous declaration is here
 0:19.75    68 |   tainted_soundtouch<uint> numSamples();
 0:19.76       |                            ^
 0:19.76 D:/mozilla/firefox/Skyfox/media/libsoundtouch/src/RLBoxSoundTouch.cpp(87,43): warning: 'mozilla::RLBoxSoundTouch::numUnprocessedSamples' redeclared without 'dllimport' attribute: 'dllexport' attribute added [-Winconsistent-dllimport]
 0:19.76    87 | tainted_soundtouch<uint> RLBoxSoundTouch::numUnprocessedSamples() {
 0:19.76       |                                           ^
 0:19.76 D:/mozilla/firefox/Skyfox/media/libsoundtouch/src\RLBoxSoundTouch.h(70,28): note: previous declaration is here
 0:19.76    70 |   tainted_soundtouch<uint> numUnprocessedSamples();
 0:19.76       |                            ^
 0:19.76 D:/mozilla/firefox/Skyfox/media/libsoundtouch/src/RLBoxSoundTouch.cpp(92,23): warning: 'mozilla::RLBoxSoundTouch::putSamples' redeclared without 'dllimport' attribute: 'dllexport' attribute added [-Winconsistent-dllimport]
 0:19.76    92 | void RLBoxSoundTouch::putSamples(const AudioDataValue* aSamples,
 0:19.76       |                       ^
 0:19.76 D:/mozilla/firefox/Skyfox/media/libsoundtouch/src\RLBoxSoundTouch.h(74,8): note: previous declaration is here
 0:19.76    74 |   void putSamples(const mozilla::AudioDataValue* aSamples, uint aNumSamples);
 0:19.76       |        ^
 0:19.76 mfbt/tests/TestVariant.exe
 0:19.77 D:/mozilla/firefox/Skyfox/media/libsoundtouch/src/RLBoxSoundTouch.cpp(109,23): warning: 'mozilla::RLBoxSoundTouch::receiveSamples' redeclared without 'dllimport' attribute: 'dllexport' attribute added [-Winconsistent-dllimport]
 0:19.77   109 | uint RLBoxSoundTouch::receiveSamples(AudioDataValue* aOutput,
 0:19.77       |                       ^
 0:19.77 D:/mozilla/firefox/Skyfox/media/libsoundtouch/src\RLBoxSoundTouch.h(76,8): note: previous declaration is here
 0:19.77    76 |   uint receiveSamples(mozilla::AudioDataValue* aOutput, uint aMaxSamples);
 0:19.77       |        ^
 0:19.78 D:/mozilla/firefox/Skyfox/media/libsoundtouch/src/RLBoxSoundTouch.cpp(154,23): warning: 'mozilla::RLBoxSoundTouch::flush' redeclared without 'dllimport' attribute: 'dllexport' attribute added [-Winconsistent-dllimport]
 0:19.78   154 | void RLBoxSoundTouch::flush() {
 0:19.78       |                       ^
 0:19.78 D:/mozilla/firefox/Skyfox/media/libsoundtouch/src\RLBoxSoundTouch.h(78,8): note: previous declaration is here
 0:19.78    78 |   void flush();
 0:19.78       |        ^
 0:19.78 D:/mozilla/firefox/Skyfox/media/libsoundtouch/src/RLBoxSoundTouch.cpp(158,23): warning: 'mozilla::RLBoxSoundTouch::resizeSampleBuffer' redeclared without 'dllimport' attribute: 'dllexport' attribute added [-Winconsistent-dllimport]
 0:19.78   158 | void RLBoxSoundTouch::resizeSampleBuffer(uint aNewSize) {
 0:19.78       |                       ^
 0:19.78 D:/mozilla/firefox/Skyfox/media/libsoundtouch/src\RLBoxSoundTouch.h(89,8): note: previous declaration is here
 0:19.78    89 |   void resizeSampleBuffer(uint aNewSize);
 0:19.78       |        ^
 0:19.79 mfbt/tests/TestVector.exe
 0:19.81 mfbt/tests/TestWeakPtr.exe
 0:19.82 mfbt/tests/TestWrappingOperations.exe
 0:19.82 mfbt/tests/TestXorShift128PlusRNG.exe
 0:19.87 mfbt/tests/TestMPSCQueue.exe
 0:19.94 mfbt/tests/TestSPSCQueue.exe
 0:19.94 mfbt/tests/TestThreadSafeWeakPtr.exe
 0:19.98 mfbt/tests/TestWinArchDefs.exe
 0:19.98 mfbt/tests/TestUtf8.exe
 0:20.04 mfbt/tests/TestPoisonArea.exe
 0:20.67 16 warnings generated.
 0:22.49 security/rlbox/rlbox.wasm.c.stub
 0:23.01 config/external/lgpllibs/lgpllibs.dll
 0:32.65 parser/expat
 0:32.72 gfx/ots/src
 0:32.72 extensions/spellcheck/hunspell/glue
 0:32.72 dom/media/ogg
 0:32.72 parser/htmlparser
 0:32.76 gfx/thebes
 0:34.75 In file included from Unified_cpp_gfx_ots_src2.cpp:74:
 0:34.75 D:/mozilla/firefox/Skyfox/gfx/ots/src/stat.cc(262,34): warning: comparison of integers of different signs: 'off_t' (aka 'long') and 'uint32_t' (aka 'unsigned int') [-Wsign-compare]
 0:34.75   262 |     if (out->Tell() - tableStart != this->designAxesOffset) {
 0:34.75       |         ~~~~~~~~~~~~~~~~~~~~~~~~ ^  ~~~~~~~~~~~~~~~~~~~~~~
 0:34.75 D:/mozilla/firefox/Skyfox/gfx/ots/src/stat.cc(277,34): warning: comparison of integers of different signs: 'off_t' (aka 'long') and 'uint32_t' (aka 'unsigned int') [-Wsign-compare]
 0:34.75   277 |     if (out->Tell() - tableStart != this->offsetToAxisValueOffsets) {
 0:34.75       |         ~~~~~~~~~~~~~~~~~~~~~~~~ ^  ~~~~~~~~~~~~~~~~~~~~~~~~~~~~~~
 0:39.44 2 warnings generated.
 1:19.70 toolkit/library/build/xul.dll
 1:19.82 "D:\mozilla\firefox\Skyfox\obj-x86_64-pc-windows-msvc\dist\bin\xul.dll": Access is denied.
 1:19.82 mozmake[4]: *** [D:/mozilla/firefox/Skyfox/config/rules.mk:538: ../../../dist/bin/xul.dll] Error 1
 1:19.83 mozmake[3]: *** [D:/mozilla/firefox/Skyfox/config/recurse.mk:72: toolkit/library/build/target] Error 2
 1:19.83 mozmake[2]: *** [D:/mozilla/firefox/Skyfox/config/recurse.mk:34: compile] Error 2
 1:19.84 mozmake[1]: *** [D:/mozilla/firefox/Skyfox/config/rules.mk:359: default] Error 2
 1:19.84 mozmake: *** [client.mk:60: build] Error 2
 1:19.96 W 392 compiler warnings present.
--priority not supported on this platform.
Single process terminated successfully
